workerid,proliferate.condition,a_type,audio_clue,b_type,judgment,num,trial,visual_clue,error
3747,3,A,False,D,100,1,example1,True,
3747,3,B,True,C,72,2,example2,False,
3747,3,A,False,D,99,3,example1,True,
3747,3,B,True,C,79,4,example2,False,
3747,3,C,False,F,23,5,snack9,True,
3747,3,A,True,B,62,6,snack1,True,
3747,3,A,True,E,48,7,snack11,False,
3747,3,A,True,D,80,8,snack4,True,
3747,3,B,True,E,18,9,snack5,False,
3747,3,B,True,D,50,10,snack8,False,
3747,3,B,True,C,49,11,tv3,True,
3747,3,A,True,C,26,12,snack7,True,
3747,3,C,True,E,51,13,tv4,False,
3747,3,C,False,F,71,14,snack6,True,
3747,3,E,False,F,50,15,snack3,True,
3747,3,A,True,E,100,16,tv6,True,
3747,3,B,True,D,49,17,tv7,False,
3747,3,B,False,F,49,18,tv5,True,
3747,3,A,False,D,82,19,tv2,True,
3747,3,C,True,D,67,20,snack2,False,
3747,3,E,True,F,50,21,tv1,False,
3747,3,D,True,E,100,22,snack10,True,
3747,3,B,True,F,0,23,snack13,True,
3747,3,C,False,F,50,24,snack12,True,
3710,3,A,False,D,35,1,example1,True,
3710,3,B,True,C,63,2,example2,False,
3710,3,A,False,D,66,3,example1,True,
3710,3,B,True,C,66,4,example2,False,
3710,3,A,False,D,52,5,example1,True,
3710,3,B,True,C,56,6,example2,False,
3710,3,B,False,F,54,7,tv5,True,
3710,3,A,False,D,54,8,tv2,True,
3710,3,A,True,D,21,9,snack4,True,
3710,3,B,True,D,44,10,snack8,False,
3710,3,B,True,F,46,11,snack13,True,
3710,3,A,True,B,40,12,snack1,True,
3710,3,C,False,F,35,13,snack12,True,
3710,3,C,False,F,40,14,snack9,True,
3710,3,C,True,E,69,15,tv4,False,
3710,3,C,False,F,82,16,snack6,True,
3710,3,A,True,C,72,17,snack7,True,
3710,3,A,True,E,25,18,snack11,False,
3710,3,E,False,F,63,19,snack3,True,
3710,3,B,True,E,41,20,snack5,False,
3710,3,E,True,F,38,21,tv1,False,
3710,3,D,True,E,45,22,snack10,True,
3710,3,B,True,D,42,23,tv7,False,
3710,3,B,True,C,16,24,tv3,True,
3710,3,C,True,D,43,25,snack2,False,
3710,3,A,True,E,33,26,tv6,True,
3756,3,A,False,D,72,1,example1,True,
3756,3,B,True,C,85,2,example2,False,
3756,3,B,True,C,83,3,tv3,True,
3756,3,A,True,C,74,4,snack7,True,
3756,3,E,False,F,30,5,snack3,True,
3756,3,C,False,F,23,6,snack9,True,
3756,3,A,False,D,75,7,tv2,True,
3756,3,B,True,D,88,8,snack8,False,
3756,3,A,True,E,26,9,snack11,False,
3756,3,B,False,F,6,10,tv5,True,
3756,3,B,True,F,91,11,snack13,True,
3756,3,C,True,E,90,12,tv4,False,
3756,3,B,True,E,25,13,snack5,False,
3756,3,A,True,D,71,14,snack4,True,
3756,3,B,True,D,24,15,tv7,False,
3756,3,D,True,E,92,16,snack10,True,
3756,3,C,False,F,8,17,snack6,True,
3756,3,E,True,F,74,18,tv1,False,
3756,3,C,False,F,31,19,snack12,True,
3756,3,A,True,B,77,20,snack1,True,
3756,3,C,True,D,38,21,snack2,False,
3756,3,A,True,E,74,22,tv6,True,
3700,3,A,False,D,82,1,example1,True,
3700,3,B,True,C,98,2,example2,False,
3700,3,A,False,D,81,3,example1,True,
3700,3,B,True,C,95,4,example2,False,
3700,3,B,True,F,8,5,snack13,True,
3700,3,B,True,C,53,6,tv3,True,
3700,3,B,True,E,55,7,snack5,False,
3700,3,C,True,D,48,8,snack2,False,
3700,3,A,True,C,42,9,snack7,True,
3700,3,E,False,F,50,10,snack3,True,
3700,3,C,False,F,50,11,snack12,True,
3700,3,D,True,E,61,12,snack10,True,
3700,3,C,False,F,59,13,snack6,True,
3700,3,A,False,D,57,14,tv2,True,
3700,3,A,True,E,99,15,tv6,True,
3700,3,A,True,D,84,16,snack4,True,
3700,3,C,False,F,30,17,snack9,True,
3700,3,E,True,F,50,18,tv1,False,
3700,3,A,True,E,42,19,snack11,False,
3700,3,B,True,D,51,20,tv7,False,
3799,3,A,False,D,96,1,example1,True,
3799,3,B,True,C,2,2,example2,False,
3799,3,A,True,D,99,3,snack4,True,
3799,3,C,False,F,5,4,snack12,True,
3799,3,B,True,D,79,5,snack8,False,
3799,3,A,True,C,3,6,snack7,True,
3799,3,B,True,C,81,7,tv3,True,
3799,3,E,True,F,66,8,tv1,False,
3799,3,A,True,B,7,9,snack1,True,
3799,3,D,True,E,75,10,snack10,True,
3799,3,B,False,F,14,11,tv5,True,
3799,3,A,False,D,92,12,tv2,True,
3799,3,E,False,F,10,13,snack3,True,
3799,3,A,True,E,94,14,tv6,True,
3799,3,B,True,F,5,15,snack13,True,
3799,3,C,False,F,79,16,snack6,True,
3799,3,C,True,D,88,17,snack2,False,
3799,3,A,True,E,3,18,snack11,False,
3799,3,B,True,E,6,19,snack5,False,
3799,3,B,True,D,62,20,tv7,False,
3799,3,C,False,F,11,21,snack9,True,
3799,3,C,True,E,50,22,tv4,False,
3697,3,A,False,D,100,1,example1,True,
3697,3,B,True,C,0,2,example2,False,
3697,3,A,False,D,100,3,example1,True,
3697,3,B,True,C,0,4,example2,False,
3697,3,A,True,D,79,5,snack4,True,
3697,3,B,True,D,50,6,tv7,False,
3697,3,B,True,D,60,7,snack8,False,
3697,3,A,True,B,24,8,snack1,True,
3697,3,E,True,F,49,9,tv1,False,
3697,3,A,True,C,14,10,snack7,True,
3697,3,B,True,F,0,11,snack13,True,
3697,3,A,True,E,71,12,snack11,False,
3697,3,A,True,E,72,13,tv6,True,
3697,3,B,False,F,35,14,tv5,True,
3697,3,B,True,E,23,15,snack5,False,
3697,3,C,False,F,17,16,snack9,True,
3697,3,B,True,C,50,17,tv3,True,
3697,3,E,False,F,50,18,snack3,True,
3697,3,D,True,E,89,19,snack10,True,
3697,3,C,False,F,71,20,snack6,True,
3726,3,A,False,D,83,1,example1,True,
3726,3,B,True,C,24,2,example2,False,
3726,3,B,True,F,91,3,snack13,True,
3726,3,E,True,F,85,4,tv1,False,
3726,3,C,True,E,38,5,tv4,False,
3726,3,A,True,E,63,6,snack11,False,
3726,3,A,True,E,31,7,tv6,True,
3726,3,B,True,C,50,8,tv3,True,
3726,3,D,True,E,27,9,snack10,True,
3726,3,C,True,D,77,10,snack2,False,
3726,3,A,True,D,61,11,snack4,True,
3726,3,A,True,B,30,12,snack1,True,
3726,3,B,True,D,49,13,tv7,False,
3726,3,B,True,E,28,14,snack5,False,
3726,3,C,False,F,56,15,snack6,True,
3726,3,B,False,F,40,16,tv5,True,
3726,3,A,False,D,54,17,tv2,True,
3726,3,C,False,F,49,18,snack12,True,
3726,3,C,False,F,50,19,snack9,True,
3726,3,A,True,C,50,20,snack7,True,
3726,3,E,False,F,50,21,snack3,True,
3726,3,B,True,D,49,22,snack8,False,
3744,3,A,False,D,84,1,example1,True,
3744,3,B,True,C,37,2,example2,False,
3744,3,E,True,F,55,3,tv1,False,
3744,3,B,True,F,16,4,snack13,True,
3744,3,A,True,D,76,5,snack4,True,
3744,3,C,False,F,34,6,snack12,True,
3744,3,A,True,C,17,7,snack7,True,
3744,3,B,False,F,39,8,tv5,True,
3744,3,C,False,F,67,9,snack6,True,
3744,3,A,True,E,91,10,tv6,True,
3744,3,C,True,E,50,11,tv4,False,
3744,3,A,False,D,67,12,tv2,True,
3744,3,C,False,F,18,13,snack9,True,
3744,3,B,True,C,50,14,tv3,True,
3744,3,A,True,E,51,15,snack11,False,
3744,3,B,True,E,46,16,snack5,False,
3744,3,B,True,D,50,17,tv7,False,
3744,3,E,False,F,50,18,snack3,True,
3744,3,A,True,B,25,19,snack1,True,
3744,3,B,True,D,37,20,snack8,False,
3744,3,D,True,E,21,21,snack10,True,
3744,3,C,True,D,59,22,snack2,False,
3713,3,A,False,D,91,1,example1,True,
3713,3,B,True,C,81,2,example2,False,
3713,3,E,True,F,66,3,tv1,False,
3713,3,E,False,F,71,4,snack3,True,
3713,3,C,False,F,46,5,snack12,True,
3713,3,A,False,D,73,6,tv2,True,
3713,3,C,False,F,39,7,snack9,True,
3713,3,B,True,C,59,8,tv3,True,
3713,3,C,True,E,49,9,tv4,False,
3713,3,B,True,D,79,10,snack8,False,
3713,3,A,True,B,12,11,snack1,True,
3713,3,B,True,F,9,12,snack13,True,
3713,3,D,True,E,82,13,snack10,True,
3713,3,A,True,E,45,14,snack11,False,
3713,3,A,True,E,80,15,tv6,True,
3713,3,C,False,F,68,16,snack6,True,
3713,3,A,True,C,32,17,snack7,True,
3713,3,B,True,E,10,18,snack5,False,
3713,3,B,False,F,51,19,tv5,True,
3713,3,A,True,D,80,20,snack4,True,
3713,3,C,True,D,31,21,snack2,False,
3713,3,B,True,D,51,22,tv7,False,
3741,3,A,False,D,97,1,example1,True,
3741,3,B,True,C,2,2,example2,False,
3741,3,A,True,C,99,3,snack7,True,
3741,3,C,True,D,100,4,snack2,False,
3741,3,A,True,D,53,5,snack4,True,
3741,3,B,False,F,96,6,tv5,True,
3741,3,E,True,F,99,7,tv1,False,
3741,3,D,True,E,98,8,snack10,True,
3741,3,B,True,D,56,9,snack8,False,
3741,3,C,True,E,56,10,tv4,False,
3741,3,C,False,F,7,11,snack9,True,
3741,3,E,False,F,59,12,snack3,True,
3741,3,A,False,D,12,13,tv2,True,
3741,3,C,False,F,16,14,snack12,True,
3741,3,B,True,F,9,15,snack13,True,
3741,3,A,True,E,94,16,tv6,True,
3741,3,C,False,F,92,17,snack6,True,
3741,3,B,True,E,10,18,snack5,False,
3741,3,A,True,E,50,19,snack11,False,
3741,3,B,True,D,59,20,tv7,False,
3741,3,A,True,B,56,21,snack1,True,
3741,3,B,True,C,58,22,tv3,True,
3777,3,A,False,D,100,1,example1,True,
3777,3,B,True,C,50,2,example2,False,
3777,3,B,True,E,28,3,snack5,False,
3777,3,C,True,E,48,4,tv4,False,
3777,3,E,False,F,85,5,snack3,True,
3777,3,A,True,E,1,6,tv6,True,
3777,3,D,True,E,99,7,snack10,True,
3777,3,E,True,F,50,8,tv1,False,
3777,3,A,False,D,99,9,tv2,True,
3777,3,A,True,C,0,10,snack7,True,
3777,3,C,False,F,1,11,snack9,True,
3777,3,C,True,D,50,12,snack2,False,
3777,3,A,True,B,47,13,snack1,True,
3777,3,C,False,F,14,14,snack12,True,
3777,3,B,True,F,50,15,snack13,True,
3777,3,A,True,D,99,16,snack4,True,
3777,3,B,True,D,50,17,tv7,False,
3777,3,B,False,F,50,18,tv5,True,
3777,3,B,True,C,50,19,tv3,True,
3777,3,B,True,D,50,20,snack8,False,
3777,3,A,True,E,50,21,snack11,False,
3777,3,C,False,F,99,22,snack6,True,
3774,3,A,False,D,28,1,example1,True,
3774,3,B,True,C,67,2,example2,False,
3774,3,A,True,E,31,3,snack11,False,
3774,3,B,True,D,61,4,snack8,False,
3774,3,B,True,F,7,5,snack13,True,
3774,3,B,True,E,62,6,snack5,False,
3774,3,C,True,E,29,7,tv4,False,
3774,3,A,True,D,21,8,snack4,True,
3774,3,B,True,D,66,9,tv7,False,
3774,3,D,True,E,36,10,snack10,True,
3774,3,A,True,B,60,11,snack1,True,
3774,3,C,False,F,36,12,snack12,True,
3774,3,B,False,F,66,13,tv5,True,
3774,3,C,False,F,14,14,snack9,True,
3774,3,E,False,F,51,15,snack3,True,
3774,3,C,True,D,69,16,snack2,False,
3774,3,C,False,F,87,17,snack6,True,
3774,3,A,True,C,25,18,snack7,True,
3774,3,A,True,E,83,19,tv6,True,
3774,3,A,False,D,99,20,tv2,True,
3774,3,E,True,F,52,21,tv1,False,
3774,3,B,True,C,62,22,tv3,True,
3708,3,A,False,D,99,1,example1,True,
3708,3,B,True,C,92,2,example2,False,
3708,3,E,True,F,88,3,tv1,True,
3708,3,A,False,B,49,4,snack1,True,
3723,3,A,False,D,93,1,example1,True,
3723,3,B,True,C,92,2,example2,False,
3723,3,B,True,F,92,3,snack13,True,
3723,3,C,True,D,92,4,snack2,False,
3723,3,B,False,F,50,5,tv5,True,
3723,3,A,True,B,8,6,snack1,True,
3723,3,C,True,E,95,7,tv4,False,
3723,3,C,False,F,8,8,snack9,True,
3723,3,B,True,E,5,9,snack5,False,
3723,3,C,False,F,50,10,snack12,True,
3723,3,A,True,C,6,11,snack7,True,
3723,3,A,True,E,95,12,tv6,True,
3723,3,A,True,D,96,13,snack4,True,
3723,3,E,True,F,50,14,tv1,False,
3723,3,B,True,D,50,15,snack8,False,
3723,3,B,True,D,60,16,tv7,False,
3723,3,A,True,E,94,17,snack11,False,
3723,3,E,False,F,50,18,snack3,True,
3723,3,A,False,D,90,19,tv2,True,
3723,3,C,False,F,93,20,snack6,True,
3723,3,D,True,E,18,21,snack10,True,
3723,3,B,True,C,12,22,tv3,True,
3717,3,A,False,D,100,1,example1,True,
3717,3,B,True,C,94,2,example2,False,
3717,3,A,False,D,96,3,example1,True,
3717,3,B,True,C,100,4,example2,False,
3717,3,A,False,D,100,5,example1,True,
3717,3,B,True,C,100,6,example2,False,
3717,3,E,False,F,74,7,snack3,True,
3717,3,C,False,F,76,8,snack6,True,
3717,3,A,False,D,65,9,tv2,True,
3717,3,C,True,D,81,10,snack2,False,
3717,3,C,False,F,16,11,snack9,True,
3717,3,A,True,E,21,12,snack11,False,
3717,3,C,False,F,20,13,snack12,True,
3717,3,B,True,D,70,14,snack8,False,
3717,3,B,True,F,23,15,snack13,True,
3717,3,B,False,F,71,16,tv5,True,
3717,3,B,True,C,29,17,tv3,True,
3717,3,B,True,E,12,18,snack5,False,
3717,3,B,True,D,82,19,tv7,False,
3717,3,E,True,F,17,20,tv1,False,
3717,3,D,True,E,100,21,snack10,True,
3717,3,A,True,B,18,22,snack1,True,
3717,3,C,True,E,66,23,tv4,False,
3717,3,A,True,C,10,24,snack7,True,
3717,3,A,True,D,71,25,snack4,True,
3717,3,A,True,E,89,26,tv6,True,
3780,3,A,False,D,100,1,example1,True,
3780,3,B,True,C,68,2,example2,False,
3780,3,E,False,F,58,3,snack3,True,
3780,3,B,True,D,58,4,tv7,False,
3780,3,A,True,E,69,5,snack11,False,
3780,3,A,True,B,8,6,snack1,True,
3780,3,E,True,F,52,7,tv1,False,
3780,3,C,False,F,42,8,snack12,True,
3780,3,C,True,E,50,9,tv4,False,
3780,3,C,False,F,0,10,snack9,True,
3780,3,A,True,E,100,11,tv6,True,
3780,3,B,True,D,64,12,snack8,False,
3780,3,B,True,E,9,13,snack5,False,
3780,3,A,False,D,87,14,tv2,True,
3780,3,B,True,C,43,15,tv3,True,
3780,3,B,True,F,0,16,snack13,True,
3780,3,C,False,F,88,17,snack6,True,
3780,3,A,True,C,23,18,snack7,True,
3780,3,D,True,E,100,19,snack10,True,
3780,3,C,True,D,37,20,snack2,False,
3780,3,B,False,F,47,21,tv5,True,
3780,3,A,True,D,93,22,snack4,True,
3729,3,A,False,D,100,1,example1,True,
3729,3,B,True,C,100,2,example2,False,
3729,3,C,True,D,28,3,snack2,False,
3729,3,B,True,C,100,4,tv3,True,
3729,3,E,False,F,16,5,snack3,True,
3729,3,C,False,F,12,6,snack9,True,
3729,3,C,False,F,96,7,snack6,True,
3729,3,C,False,F,50,8,snack12,True,
3729,3,A,True,E,99,9,snack11,False,
3729,3,D,True,E,100,10,snack10,True,
3729,3,B,True,F,6,11,snack13,True,
3729,3,A,True,E,96,12,tv6,True,
3729,3,A,False,D,97,13,tv2,True,
3729,3,B,True,D,95,14,snack8,False,
3729,3,A,True,B,0,15,snack1,True,
3729,3,B,True,E,97,16,snack5,False,
3729,3,C,True,E,4,17,tv4,False,
3729,3,B,True,D,18,18,tv7,False,
3729,3,A,True,D,94,19,snack4,True,
3729,3,B,False,F,28,20,tv5,True,
3729,3,A,True,C,13,21,snack7,True,
3729,3,E,True,F,75,22,tv1,False,
3789,3,A,False,D,99,1,example1,True,
3789,3,B,True,C,82,2,example2,False,
3789,3,B,True,F,22,3,snack13,True,
3789,3,A,True,E,50,4,snack11,False,
3789,3,E,False,F,49,5,snack3,True,
3789,3,B,False,F,50,6,tv5,True,
3789,3,B,True,C,50,7,tv3,True,
3789,3,C,False,F,23,8,snack9,True,
3789,3,C,True,D,50,9,snack2,False,
3789,3,A,True,E,90,10,tv6,True,
3789,3,E,True,F,49,11,tv1,False,
3789,3,C,False,F,50,12,snack12,True,
3789,3,B,True,D,50,13,snack8,False,
3789,3,C,False,F,72,14,snack6,True,
3789,3,D,True,E,100,15,snack10,True,
3789,3,A,True,D,85,16,snack4,True,
3789,3,A,True,C,24,17,snack7,True,
3789,3,A,False,D,86,18,tv2,True,
3789,3,A,True,B,23,19,snack1,True,
3789,3,C,True,E,50,20,tv4,False,
3789,3,B,True,D,50,21,tv7,False,
3789,3,B,True,E,27,22,snack5,False,
3802,3,A,False,D,99,1,example1,True,
3802,3,B,True,C,99,2,example2,False,
3802,3,A,False,D,97,3,example1,True,
3802,3,B,True,C,97,4,example2,False,
3802,3,A,False,D,99,5,example1,True,
3802,3,B,True,C,99,6,example2,False,
3802,3,C,False,F,65,7,snack6,True,
3802,3,B,True,E,23,8,snack5,False,
3802,3,D,True,E,54,9,snack10,True,
3802,3,B,False,F,50,10,tv5,True,
3802,3,A,True,E,69,11,tv6,True,
3802,3,C,False,F,20,12,snack9,True,
3802,3,B,True,D,50,13,tv7,False,
3802,3,B,True,D,60,14,snack8,False,
3802,3,A,True,E,51,15,snack11,False,
3802,3,C,True,D,67,16,snack2,False,
3802,3,B,True,F,18,17,snack13,True,
3802,3,C,False,F,50,18,snack12,True,
3802,3,A,True,C,20,19,snack7,True,
3802,3,E,True,F,50,20,tv1,False,
3802,3,A,True,D,81,21,snack4,True,
3802,3,B,True,C,50,22,tv3,True,
3802,3,A,True,B,18,23,snack1,True,
3802,3,C,True,E,50,24,tv4,False,
3802,3,A,False,D,68,25,tv2,True,
3802,3,E,False,F,50,26,snack3,True,
3759,3,A,False,D,100,1,example1,True,
3759,3,B,True,C,58,2,example2,False,
3759,3,A,False,D,100,3,example1,True,
3759,3,B,True,C,53,4,example2,False,
3759,3,A,True,E,62,5,tv6,True,
3759,3,B,True,C,50,6,tv3,True,
3759,3,B,False,F,50,7,tv5,True,
3759,3,C,False,F,21,8,snack9,True,
3759,3,A,True,C,34,9,snack7,True,
3759,3,E,True,F,50,10,tv1,False,
3759,3,A,False,D,58,11,tv2,True,
3759,3,E,False,F,50,12,snack3,True,
3759,3,B,True,D,50,13,snack8,False,
3759,3,B,True,E,38,14,snack5,False,
3759,3,C,False,F,65,15,snack6,True,
3759,3,B,True,D,50,16,tv7,False,
3759,3,B,True,F,37,17,snack13,True,
3759,3,D,True,E,74,18,snack10,True,
3759,3,A,True,D,63,19,snack4,True,
3759,3,C,False,F,49,20,snack12,True,
3759,3,C,True,D,61,21,snack2,False,
3759,3,A,True,B,38,22,snack1,True,
3759,3,A,True,E,52,23,snack11,False,
3759,3,C,True,E,50,24,tv4,False,
3768,3,A,False,D,7,1,example1,True,
3768,3,B,True,C,86,2,example2,False,
3768,3,C,False,F,27,3,snack6,True,
3768,3,A,True,D,28,4,snack4,True,
3768,3,B,True,D,76,5,snack8,False,
3768,3,C,True,D,99,6,snack2,False,
3768,3,B,True,D,100,7,tv7,False,
3768,3,B,True,F,81,8,snack13,True,
3768,3,C,False,F,17,9,snack12,True,
3768,3,A,False,D,85,10,tv2,True,
3768,3,C,True,E,64,11,tv4,False,
3768,3,B,False,F,84,12,tv5,True,
3768,3,E,False,F,25,13,snack3,True,
3768,3,E,True,F,80,14,tv1,False,
3768,3,A,True,C,21,15,snack7,True,
3768,3,D,True,E,0,16,snack10,True,
3768,3,B,True,C,26,17,tv3,True,
3768,3,B,True,E,100,18,snack5,False,
3768,3,A,True,E,18,19,tv6,True,
3768,3,A,True,E,86,20,snack11,False,
3768,3,C,False,F,21,21,snack9,True,
3768,3,A,True,B,89,22,snack1,True,
3792,3,A,False,D,99,1,example1,True,
3792,3,B,True,C,2,2,example2,False,
3792,3,B,True,F,97,3,snack13,True,
3792,3,E,False,F,50,4,snack3,True,
3792,3,A,True,E,77,5,tv6,True,
3792,3,A,True,D,63,6,snack4,True,
3792,3,B,True,D,50,7,tv7,False,
3792,3,B,True,E,2,8,snack5,False,
3792,3,A,False,D,50,9,tv2,True,
3792,3,A,True,C,63,10,snack7,True,
3792,3,B,False,F,50,11,tv5,True,
3792,3,A,True,E,60,12,snack11,False,
3792,3,B,True,C,34,13,tv3,True,
3792,3,C,False,F,64,14,snack9,True,
3792,3,C,False,F,67,15,snack6,True,
3792,3,C,True,E,60,16,tv4,False,
3792,3,E,True,F,59,17,tv1,False,
3792,3,C,False,F,52,18,snack12,True,
3792,3,D,True,E,50,19,snack10,True,
3792,3,B,True,D,43,20,snack8,False,
3792,3,C,True,D,67,21,snack2,False,
3792,3,A,True,B,1,22,snack1,True,
3750,3,A,False,D,90,1,example1,True,
3750,3,B,True,C,99,2,example2,False,
3750,3,A,False,D,100,3,example1,True,
3750,3,B,True,C,100,4,example2,False,
3750,3,A,True,C,60,5,snack7,True,
3750,3,A,True,E,54,6,snack11,False,
3750,3,B,False,F,43,7,tv5,True,
3750,3,D,True,E,8,8,snack10,True,
3750,3,B,True,C,50,9,tv3,True,
3750,3,C,False,F,46,10,snack12,True,
3750,3,C,True,E,50,11,tv4,False,
3750,3,A,True,D,99,12,snack4,True,
3750,3,A,True,B,0,13,snack1,True,
3750,3,E,True,F,51,14,tv1,False,
3750,3,B,True,D,52,15,snack8,False,
3750,3,E,False,F,48,16,snack3,True,
3750,3,C,True,D,98,17,snack2,False,
3750,3,B,True,F,0,18,snack13,True,
3750,3,B,True,E,21,19,snack5,False,
3750,3,C,False,F,62,20,snack6,True,
3750,3,A,False,D,99,21,tv2,True,
3750,3,A,True,E,28,22,tv6,True,
3750,3,C,False,F,0,23,snack9,True,
3750,3,B,True,D,50,24,tv7,False,
3738,3,A,False,D,0,1,example1,True,
3738,3,B,True,C,100,2,example2,False,
3738,3,A,False,D,2,3,example1,True,
3738,3,B,True,C,100,4,example2,False,
3738,3,A,True,C,86,5,snack7,True,
3738,3,E,True,F,100,6,tv1,False,
3738,3,A,True,E,29,7,tv6,True,
3738,3,C,True,E,70,8,tv4,False,
3738,3,B,True,F,1,9,snack13,True,
3738,3,B,False,F,100,10,tv5,True,
3738,3,D,True,E,90,11,snack10,True,
3738,3,B,True,E,8,12,snack5,False,
3738,3,B,True,C,93,13,tv3,True,
3738,3,A,True,E,0,14,snack11,False,
3738,3,C,False,F,15,15,snack9,True,
3738,3,B,True,D,24,16,snack8,False,
3738,3,A,False,D,89,17,tv2,True,
3738,3,C,False,F,9,18,snack12,True,
3738,3,B,True,D,25,19,tv7,False,
3738,3,C,True,D,24,20,snack2,False,
3738,3,A,True,D,78,21,snack4,True,
3738,3,C,False,F,86,22,snack6,True,
3738,3,E,False,F,24,23,snack3,True,
3738,3,A,True,B,76,24,snack1,True,
3800,3,A,False,D,100,1,example1,True,
3800,3,B,True,C,100,2,example2,False,
3800,3,A,False,D,100,3,example1,True,
3800,3,B,True,C,100,4,example2,False,
3800,3,C,False,F,50,5,snack12,True,
3800,3,C,True,E,50,6,tv4,False,
3800,3,A,True,D,100,7,snack4,True,
3800,3,B,True,F,0,8,snack13,True,
3800,3,C,False,F,77,9,snack6,True,
3800,3,B,True,C,50,10,tv3,True,
3800,3,A,True,E,100,11,tv6,True,
3800,3,A,True,B,14,12,snack1,True,
3800,3,B,True,D,50,13,snack8,False,
3800,3,E,False,F,57,14,snack3,True,
3800,3,B,False,F,37,15,tv5,True,
3800,3,A,True,E,63,16,snack11,False,
3800,3,B,True,E,0,17,snack5,False,
3800,3,C,False,F,21,18,snack9,True,
3800,3,A,True,C,11,19,snack7,True,
3800,3,D,True,E,100,20,snack10,True,
3800,3,E,True,F,75,21,tv1,False,
3800,3,B,True,D,75,22,tv7,False,
3800,3,A,False,D,100,23,tv2,True,
3800,3,C,True,D,40,24,snack2,False,
3753,3,A,False,D,85,1,example1,True,
3753,3,B,True,C,1,2,example2,False,
3753,3,A,False,D,14,3,tv2,True,
3753,3,E,True,F,31,4,tv1,False,
3753,3,E,False,F,90,5,snack3,True,
3753,3,C,False,F,24,6,snack6,True,
3753,3,C,False,F,18,7,snack9,True,
3753,3,C,True,E,72,8,tv4,False,
3753,3,A,True,D,68,9,snack4,True,
3753,3,A,True,E,80,10,snack11,False,
3753,3,A,True,B,26,11,snack1,True,
3753,3,D,True,E,100,12,snack10,True,
3753,3,C,True,D,78,13,snack2,False,
3753,3,B,True,D,0,14,tv7,False,
3753,3,B,True,C,52,15,tv3,True,
3753,3,B,True,E,44,16,snack5,False,
3753,3,B,True,D,79,17,snack8,False,
3753,3,B,False,F,67,18,tv5,True,
3753,3,C,False,F,36,19,snack12,True,
3753,3,A,True,E,4,20,tv6,True,
3753,3,A,True,C,65,21,snack7,True,
3753,3,B,True,F,77,22,snack13,True,
3720,3,A,False,D,98,1,example1,True,
3720,3,B,True,C,0,2,example2,False,
3720,3,A,True,D,97,3,snack4,True,
3720,3,B,True,D,51,4,tv7,False,
3720,3,A,True,B,27,5,snack1,True,
3720,3,D,True,E,100,6,snack10,True,
3720,3,C,False,F,87,7,snack6,True,
3720,3,B,True,C,73,8,tv3,True,
3720,3,B,True,D,98,9,snack8,False,
3720,3,C,False,F,7,10,snack12,True,
3720,3,A,True,E,8,11,snack11,False,
3720,3,C,True,D,85,12,snack2,False,
3720,3,B,True,E,3,13,snack5,False,
3720,3,A,True,E,97,14,tv6,True,
3720,3,B,False,F,36,15,tv5,True,
3720,3,C,False,F,0,16,snack9,True,
3720,3,E,True,F,52,17,tv1,False,
3720,3,B,True,F,0,18,snack13,True,
3720,3,C,True,E,51,19,tv4,False,
3720,3,E,False,F,50,20,snack3,True,
3720,3,A,False,D,75,21,tv2,True,
3720,3,A,True,C,17,22,snack7,True,
3735,3,A,False,D,94,1,example1,True,
3735,3,B,True,C,96,2,example2,False,
3735,3,A,False,D,93,3,example1,True,
3735,3,B,True,C,96,4,example2,False,
3735,3,B,True,C,13,5,tv3,True,
3735,3,B,True,F,4,6,snack13,True,
3735,3,B,True,E,28,7,snack5,False,
3735,3,B,True,D,76,8,snack8,False,
3735,3,A,True,C,79,9,snack7,True,
3735,3,C,True,D,31,10,snack2,False,
3735,3,C,True,E,76,11,tv4,False,
3735,3,D,True,E,85,12,snack10,True,
3735,3,A,True,D,85,13,snack4,True,
3735,3,B,False,F,62,14,tv5,True,
3735,3,E,False,F,37,15,snack3,True,
3735,3,C,False,F,82,16,snack9,True,
3735,3,C,False,F,59,17,snack12,True,
3735,3,E,True,F,59,18,tv1,False,
3735,3,A,True,E,57,19,snack11,False,
3735,3,B,True,D,27,20,tv7,False,
3735,3,C,False,F,74,21,snack6,True,
3735,3,A,True,E,87,22,tv6,True,
3735,3,A,True,B,95,23,snack1,True,
3735,3,A,False,D,52,24,tv2,True,
3732,3,A,False,D,98,1,example1,True,
3732,3,B,True,C,97,2,example2,False,
3732,3,C,False,F,3,3,snack12,True,
3732,3,A,True,D,98,4,snack4,True,
3732,3,C,True,D,2,5,snack2,False,
3732,3,A,True,C,2,6,snack7,True,
3732,3,A,False,D,97,7,tv2,True,
3732,3,C,True,E,100,8,tv4,False,
3732,3,B,True,E,1,9,snack5,False,
3732,3,E,True,F,99,10,tv1,False,
3732,3,B,True,D,0,11,snack8,False,
3732,3,B,False,F,50,12,tv5,True,
3732,3,B,True,F,100,13,snack13,True,
3732,3,C,False,F,2,14,snack9,True,
3732,3,B,True,D,50,15,tv7,False,
3732,3,C,False,F,98,16,snack6,True,
3732,3,A,True,B,1,17,snack1,True,
3732,3,A,True,E,98,18,tv6,True,
3732,3,B,True,C,50,19,tv3,True,
3732,3,D,True,E,97,20,snack10,True,
3732,3,E,False,F,99,21,snack3,True,
3732,3,A,True,E,97,22,snack11,False,
3765,3,A,False,D,74,1,example1,True,
3765,3,B,True,C,49,2,example2,False,
3765,3,C,False,F,50,3,snack12,True,
3765,3,A,True,E,68,4,tv6,True,
3765,3,E,True,F,50,5,tv1,False,
3765,3,C,False,F,21,6,snack9,True,
3765,3,C,True,E,50,7,tv4,False,
3765,3,A,False,D,100,8,tv2,True,
3765,3,E,False,F,50,9,snack3,True,
3765,3,B,True,E,67,10,snack5,False,
3765,3,B,True,C,64,11,tv3,True,
3765,3,B,True,D,49,12,snack8,False,
3765,3,C,True,D,100,13,snack2,False,
3765,3,C,False,F,90,14,snack6,True,
3765,3,A,True,E,51,15,snack11,False,
3765,3,D,True,E,40,16,snack10,True,
3765,3,B,True,F,51,17,snack13,True,
3765,3,B,True,D,49,18,tv7,False,
3765,3,A,True,B,62,19,snack1,True,
3765,3,B,False,F,50,20,tv5,True,
3765,3,A,True,C,63,21,snack7,True,
3765,3,A,True,D,54,22,snack4,True,
3771,3,A,False,D,87,1,example1,True,
3771,3,B,True,C,9,2,example2,False,
3771,3,C,False,F,15,3,snack12,True,
3771,3,A,False,D,60,4,tv2,True,
3771,3,C,True,D,46,5,snack2,False,
3771,3,C,True,E,51,6,tv4,False,
3771,3,A,True,C,47,7,snack7,True,
3771,3,C,False,F,46,8,snack9,True,
3771,3,B,False,F,38,9,tv5,True,
3771,3,E,False,F,50,10,snack3,True,
3771,3,A,True,B,49,11,snack1,True,
3771,3,B,True,D,50,12,snack8,False,
3771,3,A,True,E,50,13,snack11,False,
3771,3,E,True,F,50,14,tv1,False,
3771,3,D,True,E,75,15,snack10,True,
3771,3,C,False,F,50,16,snack6,True,
3771,3,B,True,C,50,17,tv3,True,
3771,3,B,True,F,69,18,snack13,True,
3771,3,B,True,D,50,19,tv7,False,
3771,3,B,True,E,45,20,snack5,False,
3771,3,A,True,E,56,21,tv6,True,
3771,3,A,True,D,65,22,snack4,True,
3803,3,A,False,D,100,1,example1,True,
3803,3,B,True,C,100,2,example2,False,
3803,3,B,True,C,20,3,tv3,True,
3803,3,D,True,E,9,4,snack10,True,
3803,3,E,False,F,50,5,snack3,True,
3803,3,B,True,F,0,6,snack13,True,
3803,3,C,False,F,50,7,snack12,True,
3803,3,B,True,D,27,8,tv7,False,
3803,3,B,True,D,85,9,snack8,False,
3803,3,C,False,F,4,10,snack9,True,
3803,3,A,True,B,0,11,snack1,True,
3803,3,A,True,C,6,12,snack7,True,
3803,3,A,True,D,100,13,snack4,True,
3803,3,B,True,E,0,14,snack5,False,
3803,3,A,True,E,91,15,snack11,False,
3803,3,A,False,D,98,16,tv2,True,
3803,3,A,True,E,100,17,tv6,True,
3803,3,C,False,F,100,18,snack6,True,
3803,3,B,False,F,49,19,tv5,True,
3803,3,C,True,E,85,20,tv4,False,
3803,3,E,True,F,23,21,tv1,False,
3803,3,C,True,D,100,22,snack2,False,
3795,3,A,False,D,100,1,example1,True,
3795,3,B,True,C,100,2,example2,False,
3795,3,E,False,F,50,3,snack3,True,
3795,3,B,True,C,57,4,tv3,True,
3795,3,A,True,D,100,5,snack4,True,
3795,3,C,True,E,62,6,tv4,False,
3795,3,A,True,B,11,7,snack1,True,
3795,3,B,True,F,0,8,snack13,True,
3795,3,A,True,E,100,9,tv6,True,
3795,3,B,False,F,51,10,tv5,True,
3795,3,B,True,D,52,11,snack8,False,
3795,3,C,False,F,17,12,snack9,True,
3795,3,B,True,D,49,13,tv7,False,
3795,3,C,False,F,92,14,snack6,True,
3795,3,A,True,E,85,15,snack11,False,
3795,3,E,True,F,50,16,tv1,False,
3795,3,A,False,D,89,17,tv2,True,
3795,3,C,False,F,40,18,snack12,True,
3795,3,A,True,C,43,19,snack7,True,
3795,3,D,True,E,11,20,snack10,True,
3795,3,C,True,D,32,21,snack2,False,
3795,3,B,True,E,5,22,snack5,False,
3705,1,A,False,D,100,1,example1,True,
3705,1,B,True,C,98,2,example2,False,
3705,1,A,False,B,50,3,snack1,True,
3705,1,E,True,F,99,4,tv1,True,
3790,1,A,False,D,100,1,example1,True,
3790,1,B,True,C,86,2,example2,False,
3790,1,B,True,E,1,3,snack5,True,
3790,1,B,True,D,99,4,snack8,True,
3790,1,A,True,D,50,5,tv2,False,
3790,1,C,True,F,44,6,snack9,False,
3790,1,C,True,F,0,7,snack12,False,
3790,1,C,True,E,100,8,tv4,True,
3790,1,B,True,D,5,9,tv7,True,
3790,1,A,False,E,41,10,tv6,True,
3790,1,A,False,B,50,11,snack1,True,
3790,1,A,True,E,0,12,snack11,True,
3790,1,D,False,E,91,13,snack10,True,
3790,1,C,True,D,66,14,snack2,True,
3790,1,A,False,D,70,15,snack4,True,
3790,1,E,True,F,89,16,tv1,True,
3790,1,C,True,F,41,17,snack6,False,
3790,1,E,True,F,20,18,snack3,False,
3790,1,B,True,F,0,19,tv5,False,
3790,1,A,False,C,20,20,snack7,True,
3790,1,B,False,C,50,21,tv3,True,
3790,1,B,False,F,54,22,snack13,True,
3736,1,A,False,D,96,1,example1,True,
3736,1,B,True,C,95,2,example2,False,
3736,1,A,False,D,91,3,example1,True,
3736,1,B,True,C,92,4,example2,False,
3736,1,A,False,C,3,5,snack7,True,
3736,1,C,True,F,93,6,snack6,False,
3736,1,B,False,F,50,7,snack13,True,
3736,1,B,True,D,95,8,snack8,True,
3736,1,A,False,B,49,9,snack1,True,
3736,1,C,True,E,96,10,tv4,True,
3736,1,A,True,E,3,11,snack11,True,
3736,1,A,False,D,93,12,snack4,True,
3736,1,C,True,D,93,13,snack2,True,
3736,1,E,True,F,10,14,tv1,True,
3736,1,E,True,F,4,15,snack3,False,
3736,1,B,False,C,49,16,tv3,True,
3736,1,C,True,F,2,17,snack12,False,
3736,1,C,True,F,3,18,snack9,False,
3736,1,B,True,F,6,19,tv5,False,
3736,1,A,False,E,50,20,tv6,True,
3736,1,D,False,E,97,21,snack10,True,
3736,1,B,True,E,88,22,snack5,True,
3736,1,A,True,D,47,23,tv2,False,
3736,1,B,True,D,0,24,tv7,True,
3778,1,A,False,D,12,1,example1,True,
3778,1,B,True,C,59,2,example2,False,
3778,1,A,True,E,55,3,snack11,True,
3778,1,C,True,E,75,4,tv4,True,
3778,1,C,True,F,31,5,snack12,False,
3778,1,B,True,E,1,6,snack5,True,
3778,1,B,True,D,99,7,snack8,True,
3778,1,A,False,E,48,8,tv6,True,
3778,1,A,False,D,73,9,snack4,True,
3778,1,C,True,D,51,10,snack2,True,
3778,1,B,True,F,29,11,tv5,False,
3778,1,B,False,C,49,12,tv3,True,
3778,1,C,True,F,63,13,snack9,False,
3778,1,B,True,D,88,14,tv7,True,
3778,1,C,True,F,39,15,snack6,False,
3778,1,A,False,C,49,16,snack7,True,
3778,1,A,False,B,50,17,snack1,True,
3778,1,D,False,E,99,18,snack10,True,
3778,1,E,True,F,26,19,snack3,False,
3778,1,A,True,D,55,20,tv2,False,
3778,1,B,False,F,77,21,snack13,True,
3778,1,E,True,F,82,22,tv1,True,
3769,1,A,False,D,100,1,example1,True,
3769,1,B,True,C,100,2,example2,False,
3769,1,D,False,E,100,3,snack10,True,
3769,1,B,True,F,1,4,tv5,False,
3769,1,A,False,E,3,5,tv6,True,
3769,1,B,False,C,100,6,tv3,True,
3769,1,B,True,D,98,7,snack8,True,
3769,1,C,True,F,2,8,snack9,False,
3769,1,C,True,E,97,9,tv4,True,
3769,1,A,True,D,49,10,tv2,False,
3769,1,B,False,F,62,11,snack13,True,
3769,1,B,True,D,2,12,tv7,True,
3769,1,C,True,F,2,13,snack12,False,
3769,1,E,True,F,0,14,snack3,False,
3769,1,C,True,F,94,15,snack6,False,
3769,1,E,True,F,54,16,tv1,True,
3769,1,A,True,E,2,17,snack11,True,
3769,1,C,True,D,2,18,snack2,True,
3769,1,B,True,E,0,19,snack5,True,
3769,1,A,False,B,93,20,snack1,True,
3769,1,A,False,C,0,21,snack7,True,
3769,1,A,False,D,97,22,snack4,True,
3784,1,A,False,D,86,1,example1,True,
3784,1,B,True,C,71,2,example2,False,
3784,1,C,True,D,66,3,snack2,True,
3784,1,C,True,E,83,4,tv4,True,
3784,1,B,True,E,9,5,snack5,True,
3784,1,D,False,E,72,6,snack10,True,
3784,1,C,True,F,57,7,snack6,False,
3784,1,C,True,F,10,8,snack12,False,
3784,1,B,True,F,4,9,tv5,False,
3784,1,C,True,F,30,10,snack9,False,
3784,1,A,False,E,34,11,tv6,True,
3784,1,B,False,C,50,12,tv3,True,
3784,1,B,True,D,12,13,tv7,True,
3784,1,E,True,F,25,14,snack3,False,
3784,1,A,True,D,50,15,tv2,False,
3784,1,A,False,D,50,16,snack4,True,
3784,1,B,False,F,64,17,snack13,True,
3784,1,A,False,B,50,18,snack1,True,
3784,1,A,True,E,14,19,snack11,True,
3784,1,A,False,C,36,20,snack7,True,
3784,1,E,True,F,86,21,tv1,True,
3784,1,B,True,D,90,22,snack8,True,
3797,1,A,False,D,97,1,example1,True,
3797,1,B,True,C,86,2,example2,False,
3797,1,A,False,D,86,3,example1,True,
3797,1,B,True,C,96,4,example2,False,
3797,1,B,True,D,92,5,tv7,True,
3797,1,C,True,F,69,6,snack6,False,
3797,1,E,True,F,80,7,tv1,True,
3797,1,A,False,B,50,8,snack1,True,
3797,1,B,True,E,15,9,snack5,True,
3797,1,B,False,F,50,10,snack13,True,
3797,1,C,True,F,41,11,snack9,False,
3797,1,D,False,E,94,12,snack10,True,
3797,1,A,True,E,13,13,snack11,True,
3797,1,B,True,D,85,14,snack8,True,
3797,1,A,False,E,49,15,tv6,True,
3797,1,B,False,C,49,16,tv3,True,
3797,1,A,False,D,82,17,snack4,True,
3797,1,A,True,D,43,18,tv2,False,
3797,1,C,True,F,17,19,snack12,False,
3797,1,C,True,E,33,20,tv4,True,
3797,1,A,False,C,25,21,snack7,True,
3797,1,E,True,F,30,22,snack3,False,
3797,1,B,True,F,12,23,tv5,False,
3797,1,C,True,D,49,24,snack2,True,
3699,1,A,False,D,76,1,example1,True,
3699,1,B,True,C,86,2,example2,False,
3699,1,E,True,F,51,3,tv1,True,
3699,1,A,False,B,52,4,snack1,True,
3699,1,E,True,F,2,5,snack3,False,
3699,1,B,True,F,0,6,tv5,False,
3699,1,C,True,D,74,7,snack2,True,
3699,1,B,True,E,0,8,snack5,True,
3699,1,A,False,C,4,9,snack7,True,
3699,1,B,True,D,99,10,snack8,True,
3699,1,C,True,F,1,11,snack12,False,
3699,1,B,False,F,50,12,snack13,True,
3699,1,A,True,E,100,13,snack11,True,
3699,1,B,False,C,50,14,tv3,True,
3699,1,B,True,D,99,15,tv7,True,
3699,1,A,False,E,50,16,tv6,True,
3699,1,D,False,E,100,17,snack10,True,
3699,1,A,True,D,47,18,tv2,False,
3699,1,C,True,F,2,19,snack6,False,
3699,1,A,False,D,98,20,snack4,True,
3702,1,A,False,D,97,1,example1,True,
3702,1,B,True,C,67,2,example2,False,
3702,1,A,False,B,50,3,snack1,True,
3702,1,E,True,F,50,4,tv1,True,
3787,1,A,False,D,99,1,example1,True,
3787,1,B,True,C,3,2,example2,False,
3787,1,B,True,D,30,3,snack8,True,
3787,1,A,False,E,24,4,tv6,True,
3787,1,A,True,D,79,5,tv2,False,
3787,1,A,False,C,6,6,snack7,True,
3787,1,E,True,F,12,7,snack3,False,
3787,1,C,True,E,13,8,tv4,True,
3787,1,D,False,E,99,9,snack10,True,
3787,1,A,False,D,98,10,snack4,True,
3787,1,B,True,F,6,11,tv5,False,
3787,1,A,False,B,28,12,snack1,True,
3787,1,B,True,E,14,13,snack5,True,
3787,1,E,True,F,79,14,tv1,True,
3787,1,B,False,F,18,15,snack13,True,
3787,1,B,True,D,95,16,tv7,True,
3787,1,A,True,E,89,17,snack11,True,
3787,1,C,True,F,88,18,snack9,False,
3787,1,C,True,D,87,19,snack2,True,
3787,1,C,True,F,11,20,snack6,False,
3787,1,C,True,F,11,21,snack12,False,
3787,1,B,False,C,15,22,tv3,True,
3724,1,A,False,D,99,1,example1,True,
3724,1,B,True,C,99,2,example2,False,
3724,1,B,True,E,50,3,snack5,True,
3724,1,C,True,D,100,4,snack2,True,
3724,1,B,True,D,100,5,snack8,True,
3724,1,E,True,F,0,6,snack3,False,
3724,1,A,False,E,50,7,tv6,True,
3724,1,A,False,B,50,8,snack1,True,
3724,1,A,False,C,7,9,snack7,True,
3724,1,C,True,F,71,10,snack9,False,
3724,1,B,True,F,0,11,tv5,False,
3724,1,A,True,E,0,12,snack11,True,
3724,1,E,True,F,100,13,tv1,True,
3724,1,C,True,F,0,14,snack6,False,
3724,1,A,False,D,100,15,snack4,True,
3724,1,A,True,D,50,16,tv2,False,
3724,1,B,False,F,50,17,snack13,True,
3724,1,D,False,E,100,18,snack10,True,
3724,1,C,True,F,0,19,snack12,False,
3724,1,B,True,D,0,20,tv7,True,
3724,1,C,True,E,100,21,tv4,True,
3724,1,B,False,C,50,22,tv3,True,
3766,1,A,False,D,99,1,example1,True,
3766,1,B,True,C,20,2,example2,False,
3766,1,B,True,D,99,3,snack8,True,
3766,1,D,False,E,98,4,snack10,True,
3766,1,C,True,F,50,5,snack9,False,
3766,1,B,True,F,6,6,tv5,False,
3766,1,B,True,E,2,7,snack5,True,
3766,1,C,True,F,49,8,snack6,False,
3766,1,A,False,C,40,9,snack7,True,
3766,1,B,False,C,49,10,tv3,True,
3766,1,C,True,D,49,11,snack2,True,
3766,1,B,False,F,97,12,snack13,True,
3766,1,A,True,E,5,13,snack11,True,
3766,1,B,True,D,1,14,tv7,True,
3766,1,A,False,D,89,15,snack4,True,
3766,1,A,True,D,50,16,tv2,False,
3766,1,C,True,F,51,17,snack12,False,
3766,1,E,True,F,97,18,tv1,True,
3766,1,A,False,B,50,19,snack1,True,
3766,1,A,False,E,51,20,tv6,True,
3766,1,C,True,E,96,21,tv4,True,
3766,1,E,True,F,50,22,snack3,False,
3739,1,A,False,D,80,1,example1,True,
3739,1,B,True,C,83,2,example2,False,
3739,1,A,False,C,33,3,snack7,True,
3739,1,A,False,D,74,4,snack4,True,
3739,1,B,True,E,48,5,snack5,True,
3739,1,A,True,D,50,6,tv2,False,
3739,1,C,True,F,24,7,snack9,False,
3739,1,A,False,E,50,8,tv6,True,
3739,1,E,True,F,8,9,snack3,False,
3739,1,C,True,F,37,10,snack12,False,
3739,1,C,True,E,100,11,tv4,True,
3739,1,B,True,F,0,12,tv5,False,
3739,1,B,True,D,93,13,snack8,True,
3739,1,E,True,F,93,14,tv1,True,
3739,1,C,True,F,87,15,snack6,False,
3739,1,D,False,E,84,16,snack10,True,
3739,1,B,False,F,53,17,snack13,True,
3739,1,C,True,D,89,18,snack2,True,
3739,1,A,False,B,50,19,snack1,True,
3739,1,B,False,C,50,20,tv3,True,
3739,1,A,True,E,0,21,snack11,True,
3739,1,B,True,D,37,22,tv7,True,
3763,1,A,False,D,92,1,example1,True,
3763,1,B,True,C,81,2,example2,False,
3763,1,B,True,D,90,3,snack8,True,
3763,1,E,True,F,22,4,snack3,False,
3763,1,A,False,E,50,5,tv6,True,
3763,1,D,False,E,80,6,snack10,True,
3763,1,B,False,F,50,7,snack13,True,
3763,1,C,True,E,99,8,tv4,True,
3763,1,A,False,C,26,9,snack7,True,
3763,1,B,True,F,0,10,tv5,False,
3763,1,C,True,F,0,11,snack12,False,
3763,1,C,True,F,39,12,snack6,False,
3763,1,A,True,D,50,13,tv2,False,
3763,1,B,False,C,50,14,tv3,True,
3763,1,E,True,F,93,15,tv1,True,
3763,1,A,False,D,74,16,snack4,True,
3763,1,C,True,F,52,17,snack9,False,
3763,1,B,True,E,2,18,snack5,True,
3763,1,C,True,D,50,19,snack2,True,
3763,1,A,True,E,0,20,snack11,True,
3763,1,A,False,B,50,21,snack1,True,
3763,1,B,True,D,0,22,tv7,True,
3754,1,A,False,D,83,1,example1,True,
3754,1,B,True,C,82,2,example2,False,
3754,1,C,True,D,49,3,snack2,True,
3754,1,B,True,D,84,4,snack8,True,
3754,1,B,False,F,50,5,snack13,True,
3754,1,B,False,C,50,6,tv3,True,
3754,1,A,False,B,50,7,snack1,True,
3754,1,A,True,D,46,8,tv2,False,
3754,1,A,False,D,81,9,snack4,True,
3754,1,C,True,E,97,10,tv4,True,
3754,1,C,True,F,6,11,snack12,False,
3754,1,A,False,C,41,12,snack7,True,
3754,1,B,True,D,8,13,tv7,True,
3754,1,C,True,F,59,14,snack9,False,
3754,1,A,True,E,8,15,snack11,True,
3754,1,E,True,F,20,16,snack3,False,
3754,1,E,True,F,55,17,tv1,True,
3754,1,B,True,E,7,18,snack5,True,
3754,1,C,True,F,48,19,snack6,False,
3754,1,B,True,F,4,20,tv5,False,
3754,1,D,False,E,74,21,snack10,True,
3754,1,A,False,E,50,22,tv6,True,
3801,1,A,False,D,100,1,example1,True,
3801,1,B,True,C,100,2,example2,False,
3801,1,A,False,D,100,3,example1,True,
3801,1,B,True,C,100,4,example2,False,
3801,1,A,True,E,2,5,snack11,True,
3801,1,B,True,D,100,6,snack8,True,
3801,1,C,True,F,50,7,snack9,False,
3801,1,B,True,F,0,8,tv5,False,
3801,1,A,False,D,74,9,snack4,True,
3801,1,C,True,F,37,10,snack6,False,
3801,1,B,False,C,50,11,tv3,True,
3801,1,C,True,F,0,12,snack12,False,
3801,1,A,False,E,50,13,tv6,True,
3801,1,C,True,E,100,14,tv4,True,
3801,1,E,True,F,15,15,snack3,False,
3801,1,B,True,D,1,16,tv7,True,
3801,1,B,True,E,6,17,snack5,True,
3801,1,B,False,F,84,18,snack13,True,
3801,1,D,False,E,86,19,snack10,True,
3801,1,C,True,D,84,20,snack2,True,
3801,1,E,True,F,56,21,tv1,True,
3801,1,A,False,B,50,22,snack1,True,
3801,1,A,True,D,50,23,tv2,False,
3801,1,A,False,C,28,24,snack7,True,
3757,1,A,False,D,100,1,example1,True,
3757,1,B,True,C,100,2,example2,False,
3757,1,E,True,F,100,3,tv1,True,
3757,1,A,False,B,50,4,snack1,True,
3757,1,B,False,F,50,5,snack13,True,
3757,1,B,True,D,0,6,tv7,True,
3757,1,D,False,E,75,7,snack10,True,
3757,1,C,True,F,36,8,snack6,False,
3757,1,A,False,E,50,9,tv6,True,
3757,1,A,False,C,24,10,snack7,True,
3757,1,C,True,F,50,11,snack9,False,
3757,1,A,True,E,0,12,snack11,True,
3757,1,B,True,D,88,13,snack8,True,
3757,1,C,True,D,50,14,snack2,True,
3757,1,B,True,F,0,15,tv5,False,
3757,1,C,True,F,0,16,snack12,False,
3757,1,B,True,E,13,17,snack5,True,
3757,1,E,True,F,27,18,snack3,False,
3757,1,A,True,D,50,19,tv2,False,
3757,1,C,True,E,100,20,tv4,True,
3757,1,B,False,C,50,21,tv3,True,
3757,1,A,False,D,70,22,snack4,True,
3718,1,A,False,D,99,1,example1,True,
3718,1,B,True,C,99,2,example2,False,
3718,1,B,True,E,22,3,snack5,True,
3718,1,C,True,F,50,4,snack9,False,
3718,1,A,False,B,50,5,snack1,True,
3718,1,A,True,D,50,6,tv2,False,
3718,1,A,False,D,62,7,snack4,True,
3718,1,D,False,E,89,8,snack10,True,
3718,1,C,True,F,50,9,snack6,False,
3718,1,C,True,D,50,10,snack2,True,
3718,1,B,True,D,99,11,snack8,True,
3718,1,E,True,F,50,12,snack3,False,
3718,1,B,True,F,24,13,tv5,False,
3718,1,C,True,F,21,14,snack12,False,
3718,1,A,True,E,0,15,snack11,True,
3718,1,E,True,F,83,16,tv1,True,
3718,1,B,False,F,50,17,snack13,True,
3718,1,C,True,E,99,18,tv4,True,
3718,1,A,False,E,50,19,tv6,True,
3718,1,B,False,C,50,20,tv3,True,
3718,1,B,True,D,1,21,tv7,True,
3718,1,A,False,C,50,22,snack7,True,
3733,1,A,False,D,96,1,example1,True,
3733,1,B,True,C,19,2,example2,False,
3733,1,A,False,D,99,3,example1,True,
3733,1,B,True,C,80,4,example2,False,
3733,1,A,False,D,99,5,example1,True,
3733,1,B,True,C,32,6,example2,False,
3733,1,A,False,D,99,7,example1,True,
3733,1,B,True,C,97,8,example2,False,
3733,1,A,False,D,100,9,example1,True,
3733,1,B,True,C,99,10,example2,False,
3733,1,A,False,B,50,11,snack1,True,
3733,1,E,True,F,27,12,snack3,False,
3733,1,E,True,F,99,13,tv1,True,
3733,1,B,False,C,3,14,tv3,True,
3733,1,A,False,C,2,15,snack7,True,
3733,1,D,False,E,99,16,snack10,True,
3733,1,B,True,D,99,17,snack8,True,
3733,1,B,True,E,1,18,snack5,True,
3733,1,B,True,D,2,19,tv7,True,
3733,1,C,True,F,0,20,snack12,False,
3733,1,C,True,E,99,21,tv4,True,
3733,1,A,True,D,1,22,tv2,False,
3733,1,C,True,F,98,23,snack6,False,
3733,1,A,True,E,98,24,snack11,True,
3733,1,C,True,D,42,25,snack2,True,
3733,1,B,False,F,50,26,snack13,True,
3733,1,A,False,E,52,27,tv6,True,
3733,1,C,True,F,45,28,snack9,False,
3733,1,A,False,D,98,29,snack4,True,
3733,1,B,True,F,1,30,tv5,False,
3793,1,A,False,D,99,1,example1,True,
3793,1,B,True,C,99,2,example2,False,
3793,1,D,False,E,98,3,snack10,True,
3793,1,A,False,B,50,4,snack1,True,
3793,1,A,True,D,50,5,tv2,False,
3793,1,B,True,E,0,6,snack5,True,
3793,1,B,True,F,0,7,tv5,False,
3793,1,E,True,F,0,8,snack3,False,
3793,1,B,True,D,100,9,tv7,True,
3793,1,B,False,F,50,10,snack13,True,
3793,1,B,False,C,49,11,tv3,True,
3793,1,C,True,F,50,12,snack9,False,
3793,1,C,True,F,1,13,snack12,False,
3793,1,A,False,C,0,14,snack7,True,
3793,1,A,True,E,1,15,snack11,True,
3793,1,A,False,E,50,16,tv6,True,
3793,1,E,True,F,99,17,tv1,True,
3793,1,C,True,E,98,18,tv4,True,
3793,1,B,True,D,99,19,snack8,True,
3793,1,C,True,D,98,20,snack2,True,
3793,1,C,True,F,75,21,snack6,False,
3793,1,A,False,D,99,22,snack4,True,
3711,1,A,False,D,100,1,example1,True,
3711,1,B,True,C,25,2,example2,False,
3711,1,A,False,D,100,3,example1,True,
3711,1,B,True,C,35,4,example2,False,
3711,1,B,True,E,0,5,snack5,True,
3711,1,A,False,E,50,6,tv6,True,
3711,1,C,True,E,87,7,tv4,True,
3711,1,A,True,E,10,8,snack11,True,
3711,1,A,False,B,50,9,snack1,True,
3711,1,C,True,F,50,10,snack9,False,
3711,1,E,True,F,0,11,snack3,False,
3711,1,B,True,F,0,12,tv5,False,
3711,1,C,True,F,0,13,snack12,False,
3711,1,D,False,E,100,14,snack10,True,
3711,1,B,True,D,0,15,tv7,True,
3711,1,B,True,D,100,16,snack8,True,
3711,1,B,False,F,49,17,snack13,True,
3711,1,A,False,D,100,18,snack4,True,
3711,1,E,True,F,50,19,tv1,True,
3711,1,B,False,C,50,20,tv3,True,
3711,1,C,True,D,100,21,snack2,True,
3711,1,A,False,C,0,22,snack7,True,
3711,1,A,True,D,50,23,tv2,False,
3711,1,C,True,F,12,24,snack6,False,
3696,1,A,False,D,98,1,example1,True,
3696,1,B,True,C,1,2,example2,False,
3696,1,A,False,D,98,3,example1,True,
3696,1,B,True,C,2,4,example2,False,
3696,1,B,True,D,3,5,tv7,True,
3696,1,C,True,D,2,6,snack2,True,
3696,1,C,True,F,2,7,snack9,False,
3696,1,A,False,D,98,8,snack4,True,
3696,1,A,False,E,1,9,tv6,True,
3696,1,A,False,B,25,10,snack1,True,
3696,1,E,True,F,15,11,snack3,False,
3696,1,B,False,C,21,12,tv3,True,
3696,1,D,False,E,98,13,snack10,True,
3696,1,B,True,D,98,14,snack8,True,
3696,1,E,True,F,87,15,tv1,True,
3696,1,B,True,E,2,16,snack5,True,
3696,1,C,True,F,87,17,snack6,False,
3696,1,B,False,F,83,18,snack13,True,
3696,1,A,True,E,3,19,snack11,True,
3696,1,C,True,E,99,20,tv4,True,
3714,1,A,False,D,93,1,example1,True,
3714,1,B,True,C,75,2,example2,False,
3714,1,B,True,F,23,3,tv5,False,
3714,1,D,False,E,85,4,snack10,True,
3714,1,C,True,E,87,5,tv4,True,
3714,1,A,False,B,50,6,snack1,True,
3714,1,B,False,F,56,7,snack13,True,
3714,1,C,True,F,64,8,snack9,False,
3714,1,B,True,D,14,9,tv7,True,
3714,1,C,True,F,68,10,snack6,False,
3714,1,A,True,E,12,11,snack11,True,
3714,1,A,True,D,59,12,tv2,False,
3714,1,A,False,D,72,13,snack4,True,
3714,1,B,False,C,50,14,tv3,True,
3714,1,E,True,F,8,15,snack3,False,
3714,1,B,True,D,21,16,snack8,True,
3714,1,B,True,E,6,17,snack5,True,
3714,1,E,True,F,82,18,tv1,True,
3714,1,A,False,C,27,19,snack7,True,
3714,1,C,True,D,71,20,snack2,True,
3714,1,C,True,F,47,21,snack12,False,
3714,1,A,False,E,32,22,tv6,True,
3775,1,A,False,D,100,1,example1,True,
3775,1,B,True,C,100,2,example2,False,
3775,1,D,False,E,100,3,snack10,True,
3775,1,B,True,E,1,4,snack5,True,
3775,1,A,False,E,50,5,tv6,True,
3775,1,B,False,C,50,6,tv3,True,
3775,1,A,False,B,51,7,snack1,True,
3775,1,E,True,F,100,8,tv1,True,
3775,1,C,True,D,83,9,snack2,True,
3775,1,B,True,F,2,10,tv5,False,
3775,1,C,True,F,81,11,snack9,False,
3775,1,A,False,C,0,12,snack7,True,
3775,1,B,True,D,1,13,tv7,True,
3775,1,A,False,D,79,14,snack4,True,
3775,1,C,True,E,100,15,tv4,True,
3775,1,E,True,F,16,16,snack3,False,
3775,1,A,True,E,0,17,snack11,True,
3775,1,B,True,D,98,18,snack8,True,
3775,1,B,False,F,49,19,snack13,True,
3775,1,C,True,F,0,20,snack12,False,
3775,1,A,True,D,49,21,tv2,False,
3775,1,C,True,F,21,22,snack6,False,
3727,1,A,False,D,100,1,example1,True,
3727,1,B,True,C,0,2,example2,False,
3727,1,B,False,C,0,3,tv3,True,
3727,1,B,True,F,0,4,tv5,False,
3727,1,A,False,C,0,5,snack7,True,
3727,1,A,False,D,100,6,snack4,True,
3727,1,B,True,E,0,7,snack5,True,
3727,1,A,True,E,0,8,snack11,True,
3727,1,C,True,D,100,9,snack2,True,
3727,1,E,True,F,0,10,snack3,False,
3727,1,A,True,D,26,11,tv2,False,
3727,1,C,True,F,88,12,snack6,False,
3727,1,A,False,E,28,13,tv6,True,
3727,1,B,False,F,63,14,snack13,True,
3727,1,D,False,E,100,15,snack10,True,
3727,1,B,True,D,100,16,snack8,True,
3727,1,C,True,F,91,17,snack9,False,
3727,1,B,True,D,0,18,tv7,True,
3727,1,C,True,F,0,19,snack12,False,
3727,1,A,False,B,50,20,snack1,True,
3727,1,E,True,F,94,21,tv1,True,
3727,1,C,True,E,100,22,tv4,True,
3781,1,A,False,D,96,1,example1,True,
3781,1,B,True,C,5,2,example2,False,
3781,1,A,False,D,94,3,example1,True,
3781,1,B,True,C,8,4,example2,False,
3781,1,C,True,E,88,5,tv4,True,
3781,1,E,True,F,76,6,tv1,True,
3781,1,B,True,D,12,7,tv7,True,
3781,1,A,False,E,6,8,tv6,True,
3781,1,B,True,F,16,9,tv5,False,
3781,1,A,True,D,72,10,tv2,False,
3781,1,A,False,D,74,11,snack4,True,
3781,1,A,True,E,11,12,snack11,True,
3781,1,D,False,E,88,13,snack10,True,
3781,1,B,False,F,80,14,snack13,True,
3781,1,A,False,B,74,15,snack1,True,
3781,1,C,True,D,18,16,snack2,True,
3781,1,B,True,E,9,17,snack5,True,
3781,1,B,True,D,85,18,snack8,True,
3781,1,C,True,F,82,19,snack9,False,
3781,1,E,True,F,9,20,snack3,False,
3781,1,C,True,F,80,21,snack6,False,
3781,1,C,True,F,12,22,snack12,False,
3781,1,B,False,C,14,23,tv3,True,
3781,1,A,False,C,20,24,snack7,True,
3721,1,A,False,D,21,1,example1,True,
3721,1,B,True,C,44,2,example2,False,
3721,1,C,True,F,50,3,snack9,False,
3721,1,D,False,E,80,4,snack10,True,
3721,1,B,True,E,28,5,snack5,True,
3721,1,A,False,E,50,6,tv6,True,
3721,1,C,True,E,69,7,tv4,True,
3721,1,A,False,B,51,8,snack1,True,
3721,1,E,True,F,23,9,snack3,False,
3721,1,B,True,F,29,10,tv5,False,
3721,1,A,False,D,59,11,snack4,True,
3721,1,A,False,C,49,12,snack7,True,
3721,1,B,True,D,76,13,snack8,True,
3721,1,A,True,E,71,14,snack11,True,
3721,1,E,True,F,72,15,tv1,True,
3721,1,B,False,C,50,16,tv3,True,
3721,1,B,False,F,57,17,snack13,True,
3721,1,C,True,F,17,18,snack12,False,
3721,1,A,True,D,50,19,tv2,False,
3721,1,C,True,D,66,20,snack2,True,
3721,1,C,True,F,74,21,snack6,False,
3721,1,B,True,D,77,22,tv7,True,
3751,1,A,False,D,100,1,example1,True,
3751,1,B,True,C,99,2,example2,False,
3751,1,B,False,F,50,3,snack13,True,
3751,1,D,False,E,99,4,snack10,True,
3751,1,C,True,D,75,5,snack2,True,
3751,1,A,False,E,65,6,tv6,True,
3751,1,A,True,D,81,7,tv2,False,
3751,1,C,True,F,33,8,snack9,False,
3751,1,E,True,F,99,9,tv1,True,
3751,1,E,True,F,0,10,snack3,False,
3751,1,B,True,D,98,11,snack8,True,
3751,1,B,False,C,41,12,tv3,True,
3751,1,B,True,E,0,13,snack5,True,
3751,1,B,True,D,0,14,tv7,True,
3751,1,C,True,E,99,15,tv4,True,
3751,1,A,True,E,0,16,snack11,True,
3751,1,A,False,B,50,17,snack1,True,
3751,1,B,True,F,0,18,tv5,False,
3751,1,C,True,F,25,19,snack6,False,
3751,1,C,True,F,0,20,snack12,False,
3751,1,A,False,D,99,21,snack4,True,
3751,1,A,False,C,1,22,snack7,True,
3772,1,A,False,D,99,1,example1,True,
3772,1,B,True,C,100,2,example2,False,
3772,1,A,False,D,100,3,example1,True,
3772,1,B,True,C,100,4,example2,False,
3772,1,A,False,D,100,5,example1,True,
3772,1,B,True,C,100,6,example2,False,
3772,1,A,False,D,100,7,example1,True,
3772,1,B,True,C,100,8,example2,False,
3772,1,C,True,E,100,9,tv4,True,
3772,1,B,True,D,100,10,snack8,True,
3772,1,B,True,D,0,11,tv7,True,
3772,1,C,True,F,23,12,snack9,False,
3772,1,E,True,F,100,13,tv1,True,
3772,1,D,False,E,100,14,snack10,True,
3772,1,B,False,F,74,15,snack13,True,
3772,1,C,True,F,0,16,snack12,False,
3772,1,A,True,D,37,17,tv2,False,
3772,1,A,False,E,30,18,tv6,True,
3772,1,A,False,C,20,19,snack7,True,
3772,1,B,True,F,0,20,tv5,False,
3772,1,A,False,B,31,21,snack1,True,
3772,1,A,False,D,75,22,snack4,True,
3772,1,C,True,F,0,23,snack6,False,
3772,1,A,True,E,0,24,snack11,True,
3772,1,E,True,F,0,25,snack3,False,
3772,1,B,True,E,0,26,snack5,True,
3772,1,B,False,C,56,27,tv3,True,
3772,1,C,True,D,100,28,snack2,True,
3742,1,A,False,D,6,1,example1,True,
3742,1,B,True,C,98,2,example2,False,
3742,1,A,False,D,2,3,example1,True,
3742,1,B,True,C,99,4,example2,False,
3742,1,E,True,F,97,5,tv1,True,
3742,1,C,True,F,1,6,snack9,False,
3742,1,B,True,F,3,7,tv5,False,
3742,1,B,False,F,2,8,snack13,True,
3742,1,A,True,E,3,9,snack11,True,
3742,1,C,True,F,3,10,snack12,False,
3742,1,E,True,F,99,11,snack3,False,
3742,1,A,False,D,98,12,snack4,True,
3742,1,B,True,E,1,13,snack5,True,
3742,1,C,True,E,99,14,tv4,True,
3742,1,A,False,E,99,15,tv6,True,
3742,1,B,True,D,1,16,snack8,True,
3742,1,A,False,C,1,17,snack7,True,
3742,1,B,True,D,2,18,tv7,True,
3742,1,C,True,D,2,19,snack2,True,
3742,1,A,True,D,99,20,tv2,False,
3742,1,A,False,B,2,21,snack1,True,
3742,1,B,False,C,98,22,tv3,True,
3742,1,D,False,E,98,23,snack10,True,
3742,1,C,True,F,99,24,snack6,False,
3745,1,A,False,D,96,1,example1,True,
3745,1,B,True,C,87,2,example2,False,
3745,1,A,False,D,88,3,example1,True,
3745,1,B,True,C,84,4,example2,False,
3745,1,B,True,F,22,5,tv5,False,
3745,1,A,False,E,50,6,tv6,True,
3745,1,C,True,F,51,7,snack9,False,
3745,1,B,True,D,89,8,snack8,True,
3745,1,B,True,D,10,9,tv7,True,
3745,1,B,True,E,21,10,snack5,True,
3745,1,B,False,C,49,11,tv3,True,
3745,1,D,False,E,77,12,snack10,True,
3745,1,A,False,D,80,13,snack4,True,
3745,1,A,True,D,50,14,tv2,False,
3745,1,C,True,D,50,15,snack2,True,
3745,1,E,True,F,49,16,snack3,False,
3745,1,A,True,E,2,17,snack11,True,
3745,1,C,True,E,97,18,tv4,True,
3745,1,A,False,C,23,19,snack7,True,
3745,1,A,False,B,51,20,snack1,True,
3745,1,B,False,F,49,21,snack13,True,
3745,1,C,True,F,8,22,snack12,False,
3745,1,C,True,F,49,23,snack6,False,
3745,1,E,True,F,50,24,tv1,True,
3748,1,A,False,D,97,1,example1,True,
3748,1,B,True,C,99,2,example2,False,
3748,1,A,False,D,100,3,example1,True,
3748,1,B,True,C,98,4,example2,False,
3748,1,E,True,F,76,5,tv1,True,
3748,1,A,False,D,99,6,snack4,True,
3748,1,A,False,E,50,7,tv6,True,
3748,1,C,True,F,1,8,snack12,False,
3748,1,E,True,F,0,9,snack3,False,
3748,1,A,True,E,2,10,snack11,True,
3748,1,C,True,F,51,11,snack9,False,
3748,1,C,True,F,99,12,snack6,False,
3748,1,A,True,D,49,13,tv2,False,
3748,1,D,False,E,100,14,snack10,True,
3748,1,B,True,F,1,15,tv5,False,
3748,1,A,False,C,21,16,snack7,True,
3748,1,C,True,E,99,17,tv4,True,
3748,1,A,False,B,50,18,snack1,True,
3748,1,B,True,D,0,19,tv7,True,
3748,1,C,True,D,64,20,snack2,True,
3748,1,B,True,E,0,21,snack5,True,
3748,1,B,True,D,96,22,snack8,True,
3748,1,B,False,F,50,23,snack13,True,
3748,1,B,False,C,49,24,tv3,True,
3730,1,A,False,D,71,1,example1,True,
3730,1,B,True,C,30,2,example2,False,
3730,1,A,False,D,49,3,tv2,True,
3730,1,A,True,D,49,4,snack4,True,
3730,1,A,True,E,67,5,snack11,False,
3730,1,C,False,F,71,6,snack6,True,
3730,1,B,True,D,41,7,tv7,False,
3730,1,D,True,E,29,8,snack10,True,
3730,1,C,True,D,55,9,snack2,False,
3730,1,C,False,F,29,10,snack9,True,
3730,1,E,False,F,54,11,snack3,True,
3730,1,A,True,C,31,12,snack7,True,
3730,1,B,True,F,22,13,snack13,True,
3730,1,B,True,D,52,14,snack8,False,
3730,1,E,True,F,48,15,tv1,False,
3730,1,B,True,C,61,16,tv3,True,
3730,1,A,True,E,80,17,tv6,True,
3730,1,C,False,F,53,18,snack12,True,
3730,1,B,False,F,50,19,tv5,True,
3730,1,C,True,E,53,20,tv4,False,
3730,1,B,True,E,35,21,snack5,False,
3730,1,A,True,B,31,22,snack1,True,
3767,2,A,False,D,99,1,example1,True,
3767,2,B,True,C,96,2,example2,False,
3767,2,C,True,F,39,3,snack9,True,
3767,2,B,True,F,2,4,snack13,False,
3767,2,B,False,D,99,5,snack8,True,
3767,2,A,False,E,4,6,snack11,True,
3767,2,E,True,F,2,7,snack3,True,
3767,2,C,True,F,79,8,snack6,True,
3767,2,C,True,F,0,9,snack12,True,
3767,2,A,True,B,22,10,snack1,False,
3767,2,D,True,E,13,11,snack10,False,
3767,2,A,True,D,81,12,tv2,True,
3767,2,B,True,C,50,13,tv3,False,
3767,2,E,False,F,88,14,tv1,True,
3767,2,B,False,D,15,15,tv7,True,
3767,2,B,True,F,0,16,tv5,True,
3767,2,A,True,D,86,17,snack4,False,
3767,2,C,False,D,50,18,snack2,True,
3767,2,C,False,E,100,19,tv4,True,
3767,2,A,True,E,99,20,tv6,False,
3767,2,A,True,C,30,21,snack7,False,
3767,2,B,False,E,0,22,snack5,True,
3722,2,A,False,D,100,1,example1,True,
3722,2,B,True,C,0,2,example2,False,
3722,2,B,False,D,98,3,snack8,True,
3722,2,E,True,F,27,4,snack3,True,
3722,2,C,False,E,91,5,tv4,True,
3722,2,A,False,E,10,6,snack11,True,
3722,2,C,False,D,50,7,snack2,True,
3722,2,E,False,F,100,8,tv1,True,
3722,2,A,True,C,50,9,snack7,False,
3722,2,D,True,E,32,10,snack10,False,
3722,2,C,True,F,10,11,snack9,True,
3722,2,A,True,D,82,12,snack4,False,
3722,2,C,True,F,11,13,snack12,True,
3722,2,A,True,B,8,14,snack1,False,
3722,2,B,True,F,4,15,tv5,True,
3722,2,C,True,F,95,16,snack6,True,
3722,2,B,True,C,49,17,tv3,False,
3722,2,B,False,E,0,18,snack5,True,
3722,2,B,False,D,3,19,tv7,True,
3722,2,A,True,E,3,20,tv6,False,
3722,2,A,True,D,92,21,tv2,True,
3722,2,B,True,F,33,22,snack13,False,
3794,2,A,False,D,100,1,example1,True,
3794,2,B,True,C,76,2,example2,False,
3794,2,D,True,E,50,3,snack10,False,
3794,2,A,False,E,1,4,snack11,True,
3794,2,C,True,F,0,5,snack9,True,
3794,2,A,True,D,74,6,tv2,True,
3794,2,B,True,C,50,7,tv3,False,
3794,2,A,True,D,50,8,snack4,False,
3794,2,B,False,E,0,9,snack5,True,
3794,2,B,False,D,0,10,tv7,True,
3794,2,B,True,F,100,11,snack13,False,
3794,2,C,False,E,100,12,tv4,True,
3794,2,A,True,C,50,13,snack7,False,
3794,2,B,True,F,0,14,tv5,True,
3794,2,E,False,F,70,15,tv1,True,
3794,2,B,False,D,100,16,snack8,True,
3794,2,A,True,E,100,17,tv6,False,
3794,2,C,True,F,100,18,snack12,True,
3794,2,A,True,B,50,19,snack1,False,
3794,2,E,True,F,27,20,snack3,True,
3794,2,C,False,D,50,21,snack2,True,
3794,2,C,True,F,98,22,snack6,True,
3737,2,A,False,D,91,1,example1,True,
3737,2,B,True,C,78,2,example2,False,
3737,2,A,True,B,17,3,snack1,False,
3737,2,A,True,D,49,4,tv2,True,
3737,2,B,False,E,17,5,snack5,True,
3737,2,E,False,F,85,6,tv1,True,
3737,2,C,False,D,50,7,snack2,True,
3737,2,A,False,E,15,8,snack11,True,
3737,2,A,True,C,49,9,snack7,False,
3737,2,B,False,D,1,10,tv7,True,
3737,2,C,True,F,14,11,snack6,True,
3737,2,E,True,F,7,12,snack3,True,
3737,2,A,True,D,50,13,snack4,False,
3737,2,C,True,F,5,14,snack12,True,
3737,2,A,True,E,90,15,tv6,False,
3737,2,C,False,E,89,16,tv4,True,
3737,2,C,True,F,51,17,snack9,True,
3737,2,B,True,F,3,18,tv5,True,
3737,2,D,True,E,49,19,snack10,False,
3737,2,B,True,F,1,20,snack13,False,
3737,2,B,False,D,95,21,snack8,True,
3737,2,B,True,C,18,22,tv3,False,
3743,2,A,False,D,100,1,example1,True,
3743,2,B,True,C,100,2,example2,False,
3743,2,A,True,E,100,3,tv6,False,
3743,2,A,True,C,50,4,snack7,False,
3743,2,C,False,E,100,5,tv4,True,
3743,2,B,True,F,0,6,snack13,False,
3743,2,A,False,E,0,7,snack11,True,
3743,2,B,False,E,0,8,snack5,True,
3743,2,C,True,F,0,9,snack12,True,
3743,2,C,False,D,50,10,snack2,True,
3743,2,B,False,D,100,11,snack8,True,
3743,2,A,True,D,100,12,tv2,True,
3743,2,B,False,D,0,13,tv7,True,
3743,2,C,True,F,32,14,snack6,True,
3743,2,B,True,F,0,15,tv5,True,
3743,2,A,True,B,0,16,snack1,False,
3743,2,B,True,C,50,17,tv3,False,
3743,2,A,True,D,71,18,snack4,False,
3743,2,E,False,F,69,19,tv1,True,
3743,2,C,True,F,36,20,snack9,True,
3743,2,D,True,E,60,21,snack10,False,
3743,2,E,True,F,50,22,snack3,True,
3752,2,A,False,D,93,1,example1,True,
3752,2,B,True,C,1,2,example2,False,
3752,2,C,True,F,0,3,snack12,True,
3752,2,C,True,F,12,4,snack9,True,
3752,2,A,True,C,50,5,snack7,False,
3752,2,A,True,E,98,6,tv6,False,
3752,2,C,False,E,50,7,tv4,True,
3752,2,E,True,F,0,8,snack3,True,
3752,2,B,False,D,35,9,tv7,True,
3752,2,C,True,F,70,10,snack6,True,
3752,2,A,True,B,1,11,snack1,False,
3752,2,B,False,D,87,12,snack8,True,
3752,2,A,True,D,100,13,snack4,False,
3752,2,C,False,D,50,14,snack2,True,
3752,2,B,False,E,6,15,snack5,True,
3752,2,E,False,F,76,16,tv1,True,
3752,2,B,True,F,1,17,tv5,True,
3752,2,B,True,F,0,18,snack13,False,
3752,2,D,True,E,50,19,snack10,False,
3752,2,B,True,C,50,20,tv3,False,
3752,2,A,True,D,74,21,tv2,True,
3752,2,A,False,E,13,22,snack11,True,
3746,2,A,False,D,100,1,example1,True,
3746,2,B,True,C,100,2,example2,False,
3746,2,E,False,F,100,3,tv1,True,
3746,2,B,True,F,0,4,snack13,False,
3746,2,A,True,D,100,5,snack4,False,
3746,2,A,True,E,100,6,tv6,False,
3746,2,C,False,E,100,7,tv4,True,
3746,2,B,False,D,77,8,tv7,True,
3746,2,A,True,D,63,9,tv2,True,
3746,2,A,False,E,0,10,snack11,True,
3746,2,B,False,D,100,11,snack8,True,
3746,2,A,True,B,0,12,snack1,False,
3746,2,D,True,E,17,13,snack10,False,
3746,2,C,True,F,20,14,snack6,True,
3746,2,C,True,F,0,15,snack12,True,
3746,2,B,False,E,0,16,snack5,True,
3746,2,E,True,F,18,17,snack3,True,
3746,2,B,True,F,0,18,tv5,True,
3746,2,A,True,C,50,19,snack7,False,
3746,2,B,True,C,50,20,tv3,False,
3746,2,C,False,D,50,21,snack2,True,
3746,2,C,True,F,17,22,snack9,True,
3791,2,A,False,D,100,1,example1,True,
3791,2,B,True,C,2,2,example2,False,
3791,2,A,False,D,98,3,example1,True,
3791,2,B,True,C,1,4,example2,False,
3791,2,A,True,C,50,5,snack7,False,
3791,2,A,True,D,72,6,snack4,False,
3791,2,C,True,F,100,7,snack6,True,
3791,2,C,True,F,2,8,snack12,True,
3791,2,E,True,F,50,9,snack3,True,
3791,2,A,True,D,50,10,tv2,True,
3791,2,B,False,D,98,11,snack8,True,
3791,2,C,False,D,50,12,snack2,True,
3791,2,A,True,B,26,13,snack1,False,
3791,2,C,True,F,1,14,snack9,True,
3791,2,C,False,E,99,15,tv4,True,
3791,2,B,False,D,1,16,tv7,True,
3791,2,A,False,E,1,17,snack11,True,
3791,2,B,True,C,50,18,tv3,False,
3791,2,B,False,E,1,19,snack5,True,
3791,2,A,True,E,2,20,tv6,False,
3791,2,B,True,F,1,21,tv5,True,
3791,2,B,True,F,98,22,snack13,False,
3791,2,D,True,E,50,23,snack10,False,
3791,2,E,False,F,60,24,tv1,True,
3725,2,A,False,D,100,1,example1,True,
3725,2,B,True,C,0,2,example2,False,
3725,2,C,True,F,0,3,snack12,True,
3725,2,B,False,D,0,4,tv7,True,
3725,2,B,False,D,0,5,snack8,True,
3725,2,B,True,F,29,6,tv5,True,
3725,2,E,False,F,100,7,tv1,True,
3725,2,E,True,F,100,8,snack3,True,
3725,2,A,True,C,0,9,snack7,False,
3725,2,B,True,C,65,10,tv3,False,
3725,2,A,True,D,50,11,tv2,True,
3725,2,A,False,E,1,12,snack11,True,
3725,2,A,True,E,0,13,tv6,False,
3725,2,A,True,D,37,14,snack4,False,
3725,2,A,True,B,0,15,snack1,False,
3725,2,B,True,F,50,16,snack13,False,
3725,2,C,True,F,71,17,snack9,True,
3725,2,C,False,E,99,18,tv4,True,
3725,2,C,True,F,99,19,snack6,True,
3725,2,D,True,E,0,20,snack10,False,
3725,2,C,False,D,0,21,snack2,True,
3725,2,B,False,E,0,22,snack5,True,
3712,2,A,False,D,0,1,example1,True,
3712,2,B,True,C,99,2,example2,False,
3712,2,A,False,D,0,3,example1,True,
3712,2,B,True,C,98,4,example2,False,
3712,2,A,True,D,0,5,snack4,False,
3712,2,C,True,F,2,6,snack9,True,
3712,2,E,True,F,1,7,snack3,True,
3712,2,C,True,F,1,8,snack12,True,
3712,2,B,False,D,99,9,snack8,True,
3712,2,A,True,D,98,10,tv2,True,
3712,2,C,False,D,99,11,snack2,True,
3712,2,B,False,D,98,12,tv7,True,
3712,2,C,False,E,99,13,tv4,True,
3712,2,E,False,F,98,14,tv1,True,
3712,2,B,True,F,0,15,tv5,True,
3712,2,B,True,C,100,16,tv3,False,
3712,2,C,True,F,97,17,snack6,True,
3712,2,B,True,F,1,18,snack13,False,
3712,2,A,False,E,1,19,snack11,True,
3712,2,D,True,E,2,20,snack10,False,
3712,2,A,True,B,1,21,snack1,False,
3712,2,A,True,E,98,22,tv6,False,
3712,2,B,False,E,2,23,snack5,True,
3712,2,A,True,C,51,24,snack7,False,
3758,2,A,False,D,89,1,example1,True,
3758,2,B,True,C,84,2,example2,False,
3758,2,A,False,D,89,3,example1,True,
3758,2,B,True,C,86,4,example2,False,
3758,2,B,False,D,93,5,tv7,True,
3758,2,A,False,E,4,6,snack11,True,
3758,2,B,True,F,3,7,tv5,True,
3758,2,C,False,E,94,8,tv4,True,
3758,2,C,True,F,2,9,snack12,True,
3758,2,A,True,D,80,10,tv2,True,
3758,2,C,True,F,74,11,snack9,True,
3758,2,A,True,E,92,12,tv6,False,
3758,2,D,True,E,50,13,snack10,False,
3758,2,A,True,B,29,14,snack1,False,
3758,2,A,True,C,50,15,snack7,False,
3758,2,B,True,F,13,16,snack13,False,
3758,2,B,False,D,89,17,snack8,True,
3758,2,C,True,F,70,18,snack6,True,
3758,2,B,True,C,50,19,tv3,False,
3758,2,E,True,F,22,20,snack3,True,
3758,2,C,False,D,50,21,snack2,True,
3758,2,B,False,E,3,22,snack5,True,
3758,2,A,True,D,70,23,snack4,False,
3758,2,E,False,F,89,24,tv1,True,
3740,2,A,False,D,100,1,example1,True,
3740,2,B,True,C,1,2,example2,False,
3740,2,B,True,F,1,3,tv5,True,
3740,2,A,True,D,69,4,snack4,False,
3740,2,C,False,D,50,5,snack2,True,
3740,2,B,True,F,2,6,snack13,False,
3740,2,B,False,E,1,7,snack5,True,
3740,2,C,True,F,80,8,snack6,True,
3740,2,B,False,D,0,9,tv7,True,
3740,2,B,True,C,50,10,tv3,False,
3740,2,E,False,F,81,11,tv1,True,
3740,2,B,False,D,98,12,snack8,True,
3740,2,A,False,E,2,13,snack11,True,
3740,2,E,True,F,0,14,snack3,True,
3740,2,A,True,B,7,15,snack1,False,
3740,2,C,True,F,78,16,snack9,True,
3740,2,C,True,F,1,17,snack12,True,
3740,2,C,False,E,98,18,tv4,True,
3740,2,A,True,D,92,19,tv2,True,
3740,2,D,True,E,50,20,snack10,False,
3740,2,A,True,E,98,21,tv6,False,
3740,2,A,True,C,50,22,snack7,False,
3776,2,A,False,D,98,1,example1,True,
3776,2,B,True,C,1,2,example2,False,
3776,2,A,True,D,99,3,tv2,True,
3776,2,A,True,B,0,4,snack1,False,
3776,2,C,True,F,99,5,snack6,True,
3776,2,A,True,C,1,6,snack7,False,
3776,2,B,False,D,1,7,tv7,True,
3776,2,A,False,E,1,8,snack11,True,
3776,2,A,True,D,98,9,snack4,False,
3776,2,C,False,D,1,10,snack2,True,
3776,2,C,False,E,98,11,tv4,True,
3776,2,C,True,F,1,12,snack12,True,
3776,2,C,True,F,2,13,snack9,True,
3776,2,E,False,F,98,14,tv1,True,
3776,2,D,True,E,0,15,snack10,False,
3776,2,A,True,E,1,16,tv6,False,
3776,2,B,False,D,99,17,snack8,True,
3776,2,B,True,C,98,18,tv3,False,
3776,2,B,True,F,1,19,tv5,True,
3776,2,B,True,F,99,20,snack13,False,
3776,2,E,True,F,1,21,snack3,True,
3776,2,B,False,E,0,22,snack5,True,
3695,2,A,False,D,97,1,example1,True,
3695,2,B,True,C,2,2,example2,False,
3695,2,A,False,E,3,3,snack11,True,
3695,2,B,True,C,14,4,tv3,False,
3695,2,A,True,D,98,5,tv2,True,
3695,2,A,True,D,50,6,snack4,False,
3695,2,A,True,B,84,7,snack1,False,
3695,2,C,False,E,98,8,tv4,True,
3695,2,B,True,F,5,9,snack13,False,
3695,2,E,True,F,20,10,snack3,True,
3695,2,C,True,F,96,11,snack6,True,
3695,2,A,True,E,95,12,tv6,False,
3695,2,C,True,F,8,13,snack9,True,
3695,2,C,False,D,50,14,snack2,True,
3695,2,E,False,F,95,15,tv1,True,
3695,2,B,False,E,12,16,snack5,True,
3695,2,A,True,C,43,17,snack7,False,
3695,2,B,False,D,91,18,snack8,True,
3695,2,B,False,D,50,19,tv7,True,
3695,2,C,True,F,18,20,snack12,True,
3749,2,A,False,D,99,1,example1,True,
3749,2,B,True,C,98,2,example2,False,
3749,2,A,False,D,99,3,example1,True,
3749,2,B,True,C,99,4,example2,False,
3749,2,A,False,D,97,5,example1,True,
3749,2,B,True,C,98,6,example2,False,
3749,2,A,False,D,100,7,example1,True,
3749,2,B,True,C,100,8,example2,False,
3749,2,A,False,D,99,9,example1,True,
3749,2,B,True,C,100,10,example2,False,
3749,2,B,False,D,2,11,tv7,True,
3749,2,A,True,D,99,12,tv2,True,
3749,2,A,False,E,1,13,snack11,True,
3749,2,D,True,E,50,14,snack10,False,
3749,2,C,True,F,1,15,snack9,True,
3749,2,B,False,E,1,16,snack5,True,
3749,2,B,True,F,1,17,tv5,True,
3749,2,E,False,F,98,18,tv1,True,
3749,2,A,True,D,89,19,snack4,False,
3749,2,C,True,F,0,20,snack12,True,
3749,2,C,False,E,50,21,tv4,True,
3749,2,B,False,D,99,22,snack8,True,
3749,2,A,True,B,0,23,snack1,False,
3749,2,C,True,F,79,24,snack6,True,
3749,2,C,False,D,50,25,snack2,True,
3749,2,B,True,F,0,26,snack13,False,
3749,2,A,True,E,100,27,tv6,False,
3749,2,A,True,C,95,28,snack7,False,
3749,2,E,True,F,0,29,snack3,True,
3749,2,B,True,C,50,30,tv3,False,
3716,2,A,False,D,50,1,example1,True,
3716,2,B,True,C,100,2,example2,False,
3716,2,A,False,D,50,3,example1,True,
3716,2,B,True,C,98,4,example2,False,
3716,2,C,True,F,20,5,snack12,True,
3716,2,C,False,E,50,6,tv4,True,
3716,2,C,True,F,50,7,snack9,True,
3716,2,C,True,F,37,8,snack6,True,
3716,2,B,True,F,23,9,tv5,True,
3716,2,E,True,F,26,10,snack3,True,
3716,2,B,False,D,50,11,snack8,True,
3716,2,E,False,F,50,12,tv1,True,
3716,2,D,True,E,50,13,snack10,False,
3716,2,B,True,F,70,14,snack13,False,
3716,2,A,True,B,25,15,snack1,False,
3716,2,A,False,E,50,16,snack11,True,
3716,2,B,False,E,50,17,snack5,True,
3716,2,C,False,D,50,18,snack2,True,
3716,2,A,True,D,69,19,snack4,False,
3716,2,A,True,D,50,20,tv2,True,
3716,2,B,False,D,50,21,tv7,True,
3716,2,B,True,C,50,22,tv3,False,
3716,2,A,True,E,76,23,tv6,False,
3716,2,A,True,C,50,24,snack7,False,
3782,2,A,False,D,100,1,example1,True,
3782,2,B,True,C,1,2,example2,False,
3782,2,C,False,E,50,3,tv4,True,
3782,2,A,False,E,0,4,snack11,True,
3782,2,C,True,F,0,5,snack9,True,
3782,2,D,True,E,12,6,snack10,False,
3782,2,A,True,E,100,7,tv6,False,
3782,2,B,False,D,100,8,snack8,True,
3782,2,C,False,D,50,9,snack2,True,
3782,2,B,False,E,0,10,snack5,True,
3782,2,E,True,F,0,11,snack3,True,
3782,2,B,True,F,0,12,tv5,True,
3782,2,B,True,F,0,13,snack13,False,
3782,2,C,True,F,100,14,snack6,True,
3782,2,A,True,D,100,15,snack4,False,
3782,2,B,True,C,50,16,tv3,False,
3782,2,B,False,D,0,17,tv7,True,
3782,2,A,True,B,0,18,snack1,False,
3782,2,E,False,F,100,19,tv1,True,
3782,2,C,True,F,0,20,snack12,True,
3782,2,A,True,C,50,21,snack7,False,
3782,2,A,True,D,100,22,tv2,True,
3719,2,A,False,D,99,1,example1,True,
3719,2,B,True,C,100,2,example2,False,
3719,2,C,True,F,0,3,snack12,True,
3719,2,A,True,E,100,4,tv6,False,
3719,2,B,True,F,0,5,tv5,True,
3719,2,B,True,C,66,6,tv3,False,
3719,2,B,False,E,0,7,snack5,True,
3719,2,A,True,D,100,8,snack4,False,
3719,2,C,False,D,50,9,snack2,True,
3719,2,B,False,D,0,10,tv7,True,
3719,2,D,True,E,49,11,snack10,False,
3719,2,C,True,F,0,12,snack6,True,
3719,2,B,True,F,0,13,snack13,False,
3719,2,E,False,F,100,14,tv1,True,
3719,2,B,False,D,100,15,snack8,True,
3719,2,A,False,E,0,16,snack11,True,
3719,2,A,True,D,95,17,tv2,True,
3719,2,A,True,C,100,18,snack7,False,
3719,2,A,True,B,0,19,snack1,False,
3719,2,C,True,F,4,20,snack9,True,
3719,2,E,True,F,0,21,snack3,True,
3719,2,C,False,E,100,22,tv4,True,
3701,2,A,False,D,96,1,example1,True,
3701,2,B,True,C,98,2,example2,False,
3701,2,B,True,F,2,3,tv5,True,
3701,2,C,True,F,80,4,snack6,True,
3701,2,A,True,E,95,5,tv6,False,
3701,2,E,True,F,4,6,snack3,True,
3701,2,A,True,D,44,7,tv2,True,
3701,2,B,True,C,50,8,tv3,False,
3701,2,A,False,E,7,9,snack11,True,
3701,2,B,False,D,92,10,snack8,True,
3701,2,C,True,F,3,11,snack12,True,
3701,2,D,True,E,38,12,snack10,False,
3701,2,E,False,F,57,13,tv1,True,
3701,2,B,False,E,36,14,snack5,True,
3701,2,B,False,D,13,15,tv7,True,
3701,2,C,False,E,86,16,tv4,True,
3701,2,C,False,D,50,17,snack2,True,
3701,2,A,True,B,19,18,snack1,False,
3701,2,B,True,F,4,19,snack13,False,
3701,2,A,True,D,81,20,snack4,False,
3779,2,A,False,D,98,1,example1,True,
3779,2,B,True,C,62,2,example2,False,
3779,2,A,False,D,93,3,example1,True,
3779,2,B,True,C,99,4,example2,False,
3779,2,A,False,D,95,5,example1,True,
3779,2,B,True,C,98,6,example2,False,
3779,2,B,True,F,92,7,snack13,False,
3779,2,A,False,E,4,8,snack11,True,
3779,2,A,True,C,52,9,snack7,False,
3779,2,B,False,E,18,10,snack5,True,
3779,2,B,False,D,20,11,tv7,True,
3779,2,E,False,F,85,12,tv1,True,
3779,2,D,True,E,51,13,snack10,False,
3779,2,A,True,D,74,14,tv2,True,
3779,2,A,True,D,61,15,snack4,False,
3779,2,E,True,F,51,16,snack3,True,
3779,2,A,True,B,54,17,snack1,False,
3779,2,B,True,F,1,18,tv5,True,
3779,2,C,False,E,67,19,tv4,True,
3779,2,C,True,F,73,20,snack6,True,
3779,2,C,False,D,52,21,snack2,True,
3779,2,C,True,F,51,22,snack12,True,
3779,2,B,False,D,51,23,snack8,True,
3779,2,C,True,F,51,24,snack9,True,
3779,2,B,True,C,50,25,tv3,False,
3779,2,A,True,E,41,26,tv6,False,
3785,2,A,False,D,99,1,example1,True,
3785,2,B,True,C,67,2,example2,False,
3785,2,A,True,D,71,3,snack4,False,
3785,2,A,True,D,25,4,tv2,True,
3785,2,A,True,B,0,5,snack1,False,
3785,2,A,False,E,2,6,snack11,True,
3785,2,E,True,F,7,7,snack3,True,
3785,2,B,True,F,74,8,snack13,False,
3785,2,B,False,D,8,9,tv7,True,
3785,2,B,True,F,0,10,tv5,True,
3785,2,E,False,F,91,11,tv1,True,
3785,2,C,False,D,50,12,snack2,True,
3785,2,C,True,F,64,13,snack6,True,
3785,2,D,True,E,64,14,snack10,False,
3785,2,A,True,E,18,15,tv6,False,
3785,2,B,True,C,50,16,tv3,False,
3785,2,B,False,D,100,17,snack8,True,
3785,2,C,True,F,2,18,snack12,True,
3785,2,C,True,F,19,19,snack9,True,
3785,2,C,False,E,64,20,tv4,True,
3785,2,B,False,E,50,21,snack5,True,
3785,2,A,True,C,100,22,snack7,False,
3698,2,A,False,D,24,1,example1,True,
3698,2,B,True,C,25,2,example2,False,
3698,2,B,True,F,80,3,snack13,False,
3698,2,A,True,D,26,4,snack4,False,
3698,2,C,True,F,81,5,snack9,True,
3698,2,B,False,D,80,6,tv7,True,
3698,2,C,False,D,68,7,snack2,True,
3698,2,A,True,C,36,8,snack7,False,
3698,2,B,True,F,52,9,tv5,True,
3698,2,B,True,C,79,10,tv3,False,
3698,2,E,True,F,35,11,snack3,True,
3698,2,B,False,D,74,12,snack8,True,
3698,2,E,False,F,82,13,tv1,True,
3698,2,B,False,E,73,14,snack5,True,
3698,2,A,True,E,39,15,tv6,False,
3698,2,C,True,F,23,16,snack12,True,
3698,2,A,True,D,21,17,tv2,True,
3698,2,A,True,B,28,18,snack1,False,
3698,2,C,True,F,21,19,snack6,True,
3698,2,C,False,E,64,20,tv4,True,
3731,2,A,False,D,52,1,example1,True,
3731,2,B,True,C,58,2,example2,False,
3731,2,E,False,F,79,3,tv1,True,
3731,2,C,False,E,27,4,tv4,True,
3731,2,A,True,E,38,5,tv6,False,
3731,2,E,True,F,42,6,snack3,True,
3731,2,C,True,F,27,7,snack9,True,
3731,2,B,False,D,39,8,snack8,True,
3731,2,A,True,B,75,9,snack1,False,
3731,2,D,True,E,17,10,snack10,False,
3731,2,A,True,C,49,11,snack7,False,
3731,2,B,False,D,96,12,tv7,True,
3731,2,C,False,D,26,13,snack2,True,
3731,2,A,True,D,69,14,snack4,False,
3731,2,A,False,E,90,15,snack11,True,
3731,2,B,True,F,73,16,tv5,True,
3731,2,B,False,E,12,17,snack5,True,
3731,2,B,True,F,66,18,snack13,False,
3731,2,C,True,F,46,19,snack12,True,
3731,2,A,True,D,48,20,tv2,True,
3731,2,C,True,F,60,21,snack6,True,
3731,2,B,True,C,80,22,tv3,False,
3773,2,A,False,D,94,1,example1,True,
3773,2,B,True,C,71,2,example2,False,
3773,2,A,True,C,29,3,snack7,False,
3773,2,E,False,F,87,4,tv1,True,
3773,2,A,True,D,69,5,snack4,False,
3773,2,B,False,E,18,6,snack5,True,
3773,2,C,True,F,24,7,snack9,True,
3773,2,C,False,E,90,8,tv4,True,
3773,2,A,True,D,69,9,tv2,True,
3773,2,B,False,D,87,10,snack8,True,
3773,2,B,True,F,88,11,snack13,False,
3773,2,B,True,F,18,12,tv5,True,
3773,2,B,False,D,13,13,tv7,True,
3773,2,C,False,D,40,14,snack2,True,
3773,2,A,True,B,21,15,snack1,False,
3773,2,B,True,C,41,16,tv3,False,
3773,2,C,True,F,28,17,snack12,True,
3773,2,C,True,F,86,18,snack6,True,
3773,2,A,True,E,89,19,tv6,False,
3773,2,D,True,E,42,20,snack10,False,
3773,2,A,False,E,17,21,snack11,True,
3773,2,E,True,F,17,22,snack3,True,
3728,2,A,False,D,100,1,example1,True,
3728,2,B,True,C,100,2,example2,False,
3728,2,B,False,D,9,3,tv7,True,
3728,2,C,True,F,1,4,snack12,True,
3728,2,B,True,F,1,5,tv5,True,
3728,2,B,False,E,1,6,snack5,True,
3728,2,A,True,D,76,7,tv2,True,
3728,2,B,True,F,7,8,snack13,False,
3728,2,A,True,C,50,9,snack7,False,
3728,2,B,True,C,50,10,tv3,False,
3728,2,C,True,F,71,11,snack6,True,
3728,2,C,False,E,74,12,tv4,True,
3728,2,E,False,F,92,13,tv1,True,
3728,2,D,True,E,50,14,snack10,False,
3728,2,A,True,B,16,15,snack1,False,
3728,2,B,False,D,100,16,snack8,True,
3728,2,A,True,E,2,17,tv6,False,
3728,2,A,True,D,87,18,snack4,False,
3728,2,A,False,E,23,19,snack11,True,
3728,2,E,True,F,4,20,snack3,True,
3728,2,C,False,D,50,21,snack2,True,
3728,2,C,True,F,46,22,snack9,True,
3764,2,A,False,D,7,1,example1,True,
3764,2,B,True,C,9,2,example2,False,
3764,2,B,False,D,93,3,tv7,True,
3764,2,B,True,F,9,4,tv5,True,
3764,2,A,False,E,91,5,snack11,True,
3764,2,E,False,F,93,6,tv1,True,
3764,2,A,True,D,93,7,tv2,True,
3764,2,E,True,F,10,8,snack3,True,
3764,2,A,True,D,92,9,snack4,False,
3764,2,C,True,F,95,10,snack12,True,
3764,2,A,True,E,11,11,tv6,False,
3764,2,B,False,E,92,12,snack5,True,
3764,2,A,True,C,13,13,snack7,False,
3764,2,D,True,E,11,14,snack10,False,
3764,2,C,True,F,90,15,snack6,True,
3764,2,C,False,E,91,16,tv4,True,
3764,2,A,True,B,9,17,snack1,False,
3764,2,C,False,D,11,18,snack2,True,
3764,2,B,True,F,91,19,snack13,False,
3764,2,B,False,D,91,20,snack8,True,
3764,2,C,True,F,15,21,snack9,True,
3764,2,B,True,C,92,22,tv3,False,
3734,2,A,False,D,92,1,example1,True,
3734,2,B,True,C,31,2,example2,False,
3734,2,A,False,D,92,3,example1,True,
3734,2,B,True,C,24,4,example2,False,
3734,2,A,True,C,50,5,snack7,False,
3734,2,B,True,F,71,6,snack13,False,
3734,2,A,False,E,23,7,snack11,True,
3734,2,A,True,D,10,8,snack4,False,
3734,2,B,False,E,8,9,snack5,True,
3734,2,C,False,E,58,10,tv4,True,
3734,2,A,True,B,83,11,snack1,False,
3734,2,A,True,E,18,12,tv6,False,
3734,2,C,False,D,50,13,snack2,True,
3734,2,C,True,F,7,14,snack12,True,
3734,2,B,True,C,24,15,tv3,False,
3734,2,C,True,F,26,16,snack9,True,
3734,2,A,True,D,50,17,tv2,True,
3734,2,B,True,F,8,18,tv5,True,
3734,2,C,True,F,50,19,snack6,True,
3734,2,B,False,D,94,20,snack8,True,
3734,2,E,False,F,90,21,tv1,True,
3734,2,D,True,E,50,22,snack10,False,
3734,2,B,False,D,41,23,tv7,True,
3734,2,E,True,F,7,24,snack3,True,
3755,2,A,False,D,100,1,example1,True,
3755,2,B,True,C,49,2,example2,False,
3755,2,A,True,D,100,3,snack4,True,
3755,2,A,True,E,100,4,snack11,False,
3755,2,B,True,D,49,5,tv7,False,
3755,2,C,False,F,0,6,snack9,True,
3755,2,B,True,C,50,7,tv3,True,
3755,2,C,True,D,100,8,snack2,False,
3755,2,A,False,D,100,9,tv2,True,
3755,2,A,True,C,0,10,snack7,True,
3755,2,C,True,E,50,11,tv4,False,
3755,2,E,False,F,50,12,snack3,True,
3755,2,A,True,B,93,13,snack1,True,
3755,2,B,True,E,9,14,snack5,False,
3755,2,E,True,F,50,15,tv1,False,
3755,2,B,True,F,50,16,snack13,True,
3755,2,D,True,E,92,17,snack10,True,
3755,2,C,False,F,50,18,snack6,True,
3755,2,B,False,F,50,19,tv5,True,
3755,2,A,True,E,90,20,tv6,True,
3755,2,C,False,F,50,21,snack12,True,
3755,2,B,True,D,50,22,snack8,False,
3770,2,A,False,D,77,1,example1,True,
3770,2,B,True,C,22,2,example2,False,
3770,2,A,False,D,100,3,example1,True,
3770,2,B,True,C,0,4,example2,False,
3770,2,C,True,F,100,5,snack6,True,
3770,2,C,False,D,41,6,snack2,True,
3770,2,B,False,D,100,7,snack8,True,
3770,2,A,True,D,78,8,tv2,True,
3770,2,D,True,E,50,9,snack10,False,
3770,2,B,False,D,82,10,tv7,True,
3770,2,C,True,F,29,11,snack9,True,
3770,2,E,True,F,56,12,snack3,True,
3770,2,E,False,F,82,13,tv1,True,
3770,2,B,True,F,8,14,tv5,True,
3770,2,A,True,B,34,15,snack1,False,
3770,2,C,True,F,26,16,snack12,True,
3770,2,B,True,C,53,17,tv3,False,
3770,2,B,True,F,78,18,snack13,False,
3770,2,B,False,E,16,19,snack5,True,
3770,2,C,False,E,100,20,tv4,True,
3770,2,A,True,D,52,21,snack4,False,
3770,2,A,True,C,53,22,snack7,False,
3770,2,A,True,E,21,23,tv6,False,
3770,2,A,False,E,0,24,snack11,True,
3761,2,A,False,D,100,1,example1,True,
3761,2,B,True,C,100,2,example2,False,
3761,2,B,True,C,50,3,tv3,False,
3761,2,A,True,E,100,4,tv6,False,
3761,2,A,True,D,100,5,snack4,False,
3761,2,B,True,F,0,6,tv5,True,
3761,2,E,False,F,100,7,tv1,True,
3761,2,B,False,D,100,8,snack8,True,
3761,2,C,False,D,50,9,snack2,True,
3761,2,C,True,F,100,10,snack12,True,
3761,2,C,False,E,49,11,tv4,True,
3761,2,A,True,D,100,12,tv2,True,
3761,2,C,True,F,0,13,snack9,True,
3761,2,D,True,E,50,14,snack10,False,
3761,2,B,False,D,100,15,tv7,True,
3761,2,C,True,F,100,16,snack6,True,
3761,2,A,False,E,0,17,snack11,True,
3761,2,A,True,C,51,18,snack7,False,
3761,2,B,False,E,4,19,snack5,True,
3761,2,B,True,F,3,20,snack13,False,
3761,2,E,True,F,4,21,snack3,True,
3761,2,A,True,B,5,22,snack1,False,
3709,2,A,False,D,100,1,example1,True,
3709,2,B,True,C,99,2,example2,False,
3709,2,C,True,F,75,3,snack6,True,
3709,2,E,False,F,100,4,tv1,True,
3709,2,E,True,F,1,5,snack3,True,
3709,2,D,True,E,32,6,snack10,False,
3709,2,B,False,D,27,7,tv7,True,
3709,2,C,False,D,50,8,snack2,True,
3709,2,B,True,F,68,9,snack13,False,
3709,2,A,True,D,35,10,tv2,True,
3709,2,A,True,C,55,11,snack7,False,
3709,2,C,True,F,0,12,snack9,True,
3709,2,A,True,D,99,13,snack4,False,
3709,2,B,True,C,50,14,tv3,False,
3709,2,B,False,D,99,15,snack8,True,
3709,2,A,True,E,100,16,tv6,False,
3709,2,C,True,F,0,17,snack12,True,
3709,2,A,False,E,50,18,snack11,True,
3709,2,B,True,F,0,19,tv5,True,
3709,2,C,False,E,86,20,tv4,True,
3709,2,B,False,E,15,21,snack5,True,
3709,2,A,True,B,0,22,snack1,False,
3788,2,A,False,D,100,1,example1,True,
3788,2,B,True,C,100,2,example2,False,
3788,2,A,False,D,100,3,example1,True,
3788,2,B,True,C,100,4,example2,False,
3788,2,C,True,F,1,5,snack9,True,
3788,2,C,True,F,49,6,snack6,True,
3788,2,B,True,F,0,7,tv5,True,
3788,2,A,True,D,50,8,snack4,False,
3788,2,A,True,D,50,9,tv2,True,
3788,2,C,False,E,99,10,tv4,True,
3788,2,C,False,D,50,11,snack2,True,
3788,2,C,True,F,1,12,snack12,True,
3788,2,A,True,C,50,13,snack7,False,
3788,2,A,True,E,100,14,tv6,False,
3788,2,E,False,F,100,15,tv1,True,
3788,2,A,True,B,1,16,snack1,False,
3788,2,B,False,D,0,17,tv7,True,
3788,2,B,True,F,0,18,snack13,False,
3788,2,D,True,E,50,19,snack10,False,
3788,2,B,False,E,0,20,snack5,True,
3788,2,E,True,F,0,21,snack3,True,
3788,2,A,False,E,0,22,snack11,True,
3788,2,B,False,D,100,23,snack8,True,
3788,2,B,True,C,49,24,tv3,False,
